Id,MSSubClass,LotArea,OverallQual,OverallCond,YearBuilt,YearRemodAdd,TotalBsmtSF,GrLivArea,FullBath,BedroomAbvGr,TotRmsAbvGrd,GarageCars,GarageArea,Neighborhood,BldgType,SalePrice
1,90,45746,7,5,1982,1995,3448,867,0,6,2,0,617,CollgCr,1Fam,406290
2,40,10902,3,6,1949,1965,3371,1586,2,2,2,2,253,Somerst,1Fam,78324
3,20,105913,4,4,1909,1950,910,3173,3,4,13,2,759,Crawfor,1Fam,420026
4,50,86590,10,8,1933,1969,3979,3681,3,4,3,3,628,BrkSide,1Fam,215979
5,160,39378,6,8,1933,1995,2478,3919,0,6,12,2,72,Mitchel,TwnhsE,293111
6,70,6282,3,2,1912,1984,924,1031,2,4,3,3,1354,CollgCr,2fmCon,268034
7,20,162568,10,9,1997,1955,3118,2032,0,3,3,2,945,Crawfor,1Fam,133277
8,160,168034,2,2,1998,1956,4263,886,1,4,8,2,161,NoRidge,Twnhs,243097
9,120,53916,3,5,1879,1956,193,383,1,5,12,1,289,CollgCr,1Fam,692845
10,70,106925,7,4,2001,1995,5623,2407,2,3,2,1,810,NoRidge,1Fam,265461
11,90,55472,6,5,1927,1996,3731,3633,1,1,5,0,1219,Somerst,1Fam,562305
12,30,88776,1,2,1982,1974,1591,2302,2,3,11,2,688,BrkSide,1Fam,329194
13,70,24667,9,4,1979,1991,4584,546,2,7,2,3,1151,NWAmes,1Fam,82620
14,160,203747,3,1,1954,1951,5154,1501,3,0,4,0,181,CollgCr,TwnhsE,638136
15,60,155470,7,9,1974,1983,5841,2631,0,1,5,3,748,Mitchel,1Fam,687094
16,20,194078,4,2,1966,1966,4829,2222,3,7,11,3,1173,OldTown,1Fam,204571
17,90,64594,8,5,1989,1999,1241,4711,3,6,11,1,1201,NoRidge,1Fam,157651
18,90,188052,9,2,1930,1979,999,3508,2,0,10,1,340,Somerst,2fmCon,705073
19,90,112183,8,2,1974,2001,1275,5635,3,1,9,2,951,Sawyer,Duplex,105275
20,80,43689,10,4,2007,1983,5349,1265,0,5,2,3,56,Veenker,1Fam,675001
21,30,72381,6,9,2002,1977,1862,2299,0,6,4,0,200,Mitchel,1Fam,159633
22,30,174921,1,5,1892,2006,2018,797,0,5,13,1,1276,NWAmes,1Fam,659001
23,90,167043,6,9,1940,2009,5442,440,3,6,10,0,1050,OldTown,TwnhsE,706777
24,120,155390,5,8,1942,1977,1247,5238,1,4,4,2,293,BrkSide,1Fam,207771
25,20,49755,8,4,1958,1971,2485,2950,1,7,10,0,1412,Crawfor,1Fam,194254
26,70,139885,3,9,1961,1988,1810,3836,2,4,10,1,1407,Mitchel,1Fam,111354
27,70,202586,7,4,1988,1960,1843,1800,1,3,10,2,58,BrkSide,1Fam,601612
28,50,11731,5,5,1945,1973,3639,607,2,5,13,3,36,BrkSide,1Fam,286514
29,80,70049,7,7,1968,2000,4528,5072,3,3,8,0,347,BrkSide,Twnhs,497951
30,160,18490,5,6,1996,2003,1620,3828,1,4,2,2,1125,NWAmes,1Fam,477200
31,120,23518,4,8,1886,1974,232,4110,3,6,11,0,847,Crawfor,1Fam,408072
32,30,214774,3,2,1960,1973,3906,3165,2,7,2,2,726,NoRidge,1Fam,209572
33,60,52712,9,5,1922,2002,3353,2480,1,4,9,0,588,NWAmes,1Fam,298163
34,160,39676,1,6,1997,1962,4026,2575,3,0,11,3,680,Crawfor,1Fam,395507
35,40,17119,3,3,1948,1953,2750,4378,1,4,3,0,904,NWAmes,1Fam,101821
36,120,211181,5,8,1955,1954,4746,1540,0,2,11,2,90,Somerst,1Fam,325682
37,60,101584,2,3,1976,1956,3817,2145,1,1,11,1,831,Mitchel,1Fam,546642
38,70,170611,10,3,1905,2002,4628,1965,3,7,9,0,313,NoRidge,1Fam,338636
39,40,54839,4,3,1947,1952,4467,3103,2,3,5,2,1117,OldTown,1Fam,319182
40,160,138418,3,7,1978,1969,3035,5470,2,6,4,0,277,Mitchel,TwnhsE,640026
41,70,190865,3,2,1979,1986,1985,5232,2,2,10,2,100,NoRidge,1Fam,420143
42,70,144885,2,2,1903,1986,3557,3225,0,4,3,2,616,NoRidge,1Fam,565794
43,60,111937,7,8,1987,1999,3888,1396,0,5,10,1,624,Mitchel,TwnhsE,72173
44,20,46343,5,2,1894,2008,3492,5325,1,7,4,1,735,NWAmes,TwnhsE,703295
45,90,51228,3,1,1908,1974,3203,1995,3,1,6,1,1219,Sawyer,1Fam,593652
46,50,128994,9,3,1990,1963,2095,2225,0,4,8,3,992,NoRidge,1Fam,630316
47,40,97847,7,4,1957,1955,818,5034,2,3,3,3,514,Veenker,1Fam,533404
48,90,11237,5,1,1946,2003,2612,1731,3,3,11,0,1030,Sawyer,1Fam,422558
49,30,43231,6,8,1948,1972,5387,2785,0,6,10,1,714,Veenker,1Fam,416049
50,80,93727,7,2,2005,2003,4378,5200,0,1,2,0,317,Sawyer,1Fam,484602
51,60,39538,2,4,1903,1970,4610,2021,3,4,12,0,30,Veenker,1Fam,392290
52,90,119813,9,2,1913,1995,4502,3647,0,3,10,3,5,NoRidge,1Fam,560234
53,20,65623,3,3,1939,1988,5631,531,2,7,12,3,317,Sawyer,1Fam,277595
54,90,63669,1,1,1988,1992,1381,5618,3,1,9,1,1161,Veenker,1Fam,588955
55,40,24470,6,9,1947,1989,4401,2557,1,1,9,2,657,Veenker,1Fam,281465
56,120,108963,9,9,1972,1968,424,3891,1,0,6,1,640,NWAmes,1Fam,377546
57,50,41660,8,2,1984,1956,1495,2991,2,3,4,1,565,Veenker,1Fam,84202
58,20,136171,4,2,1995,1950,179,2637,2,0,4,3,362,CollgCr,1Fam,683244
59,60,201990,4,8,1935,1975,2630,2490,3,4,5,1,1013,NWAmes,1Fam,529402
60,20,196467,6,4,1935,2003,859,428,2,1,5,1,18,Sawyer,Duplex,214670
61,40,143959,3,1,1883,1988,2363,1806,3,3,11,0,867,OldTown,TwnhsE,67285
62,90,174050,9,2,1883,1990,822,2354,0,4,8,0,1328,Sawyer,1Fam,648418
63,70,198365,3,4,1939,1965,218,2293,1,5,6,0,1248,Somerst,Duplex,35921
64,90,147158,3,6,1975,1979,2917,1785,0,0,10,3,523,NWAmes,1Fam,381947
65,120,56251,1,6,1987,1974,2508,3744,2,1,10,3,1212,Sawyer,1Fam,57209
66,60,108450,7,2,1928,1958,2548,4735,0,2,13,1,336,Somerst,1Fam,534245
67,70,184653,1,4,1950,1986,2111,5064,3,4,5,2,342,CollgCr,1Fam,181402
68,20,144212,9,3,1984,1971,2500,5494,3,7,4,0,487,Crawfor,1Fam,342452
69,40,78806,10,5,1916,1974,23,3782,3,1,2,0,25,NWAmes,1Fam,445497
70,90,37331,2,3,1893,1985,2920,2515,3,0,3,2,376,BrkSide,Duplex,301737
71,20,32149,1,2,1999,1951,5175,3763,0,5,9,0,1211,NWAmes,Duplex,525402
72,50,81963,10,8,1947,2006,852,1036,2,7,11,3,1081,Mitchel,TwnhsE,400810
73,30,173463,2,6,1893,1963,879,4669,2,6,9,1,466,NoRidge,1Fam,337873
74,120,119525,5,5,1906,1990,4765,3173,2,4,13,2,443,NWAmes,Twnhs,266953
75,70,14061,9,2,1917,1996,3060,1210,3,0,9,1,492,BrkSide,1Fam,329160
76,80,197794,2,1,1899,1959,1571,2594,2,4,12,0,168,Crawfor,1Fam,266144
77,80,87916,7,8,1932,1964,4794,1932,0,3,5,2,224,Somerst,1Fam,450243
78,40,84864,4,9,1984,1974,1985,2189,3,3,5,0,1407,Mitchel,2fmCon,585437
79,20,176588,5,6,1973,1999,3693,602,1,3,11,1,982,Crawfor,1Fam,464675
80,50,81947,10,1,1998,1988,3397,419,1,4,9,1,960,Mitchel,1Fam,58046
81,30,133343,7,5,1987,1978,1034,2189,2,5,7,3,397,CollgCr,Twnhs,643382
82,50,198381,4,3,1914,2000,4613,1935,3,1,13,2,1213,Somerst,1Fam,600935
83,50,112137,10,1,1880,1978,3777,5635,2,0,11,2,250,Veenker,1Fam,624725
84,90,132685,6,2,1892,2003,1273,1727,0,0,5,2,1373,Mitchel,1Fam,70809
85,50,76958,1,5,1981,1996,4628,2081,2,3,9,3,713,BrkSide,1Fam,627921
86,30,191854,4,4,1918,1960,3791,5191,2,4,6,1,469,Veenker,1Fam,371273
87,160,17357,3,6,1971,1972,5222,4897,0,6,6,3,1064,Crawfor,1Fam,642788
88,20,60424,7,7,1935,1951,5011,635,2,3,11,3,591,OldTown,1Fam,597671
89,40,213313,9,3,1995,1964,1946,789,3,4,10,3,382,Sawyer,1Fam,668465
90,50,104876,1,3,1942,1951,5723,838,3,7,2,2,969,Sawyer,1Fam,122716
91,20,38691,8,7,1996,1956,207,2774,1,5,8,3,1023,Veenker,1Fam,434783
92,120,89818,10,2,1906,1950,2041,3373,2,5,9,2,855,Crawfor,1Fam,559464
93,50,55921,10,1,1979,1990,3714,2199,3,2,8,1,655,Sawyer,1Fam,463479
94,90,113682,7,8,1944,1974,3267,402,2,1,5,0,466,Somerst,1Fam,619377
95,30,51772,4,2,1898,1978,1379,1404,1,7,9,0,572,BrkSide,1Fam,558575
96,70,86734,2,2,1904,1995,1219,3596,0,4,13,2,1239,CollgCr,1Fam,60637
97,30,195549,10,7,1915,1998,4771,2311,0,0,3,0,509,Veenker,TwnhsE,178205
98,40,18922,5,5,1893,1981,5352,989,2,3,9,0,1371,Crawfor,1Fam,491785
99,60,164687,4,2,2001,1977,4154,3790,3,0,12,2,206,CollgCr,1Fam,294467
100,120,18028,8,8,1901,1988,3239,3589,2,7,6,1,230,BrkSide,1Fam,291761
101,50,99143,8,3,1954,1974,4724,2936,3,4,6,2,471,BrkSide,1Fam,692101
102,90,144286,9,7,1950,1976,1466,5324,2,6,4,3,4,NoRidge,1Fam,99382
103,20,205707,9,6,1946,1967,5911,4815,1,3,4,0,1246,CollgCr,TwnhsE,411341
104,40,54803,9,8,1958,1961,763,545,2,0,6,2,482,Veenker,1Fam,259242
105,80,12592,2,7,1998,1961,3571,5137,1,5,11,3,144,Crawfor,1Fam,72192
106,60,161940,2,7,2005,1989,2083,597,0,5,4,0,877,OldTown,1Fam,304922
107,70,192496,3,1,1992,1999,5525,2891,2,1,4,3,1358,BrkSide,1Fam,326943
108,80,122191,7,9,1935,1975,1495,5120,2,5,13,2,1409,Somerst,1Fam,362356
109,20,14228,6,2,1972,1955,3921,5545,3,1,13,2,152,Sawyer,1Fam,150684
110,80,108416,9,3,1897,1986,954,453,0,5,4,0,1124,Sawyer,1Fam,559249
111,120,84980,9,5,1993,2004,1110,716,1,5,7,1,513,OldTown,1Fam,291462
112,90,97892,9,3,1898,1981,2543,1614,0,1,6,1,1185,CollgCr,1Fam,447806
113,40,12854,1,6,1887,1951,4883,1800,3,2,5,0,859,BrkSide,1Fam,427337
114,50,69195,7,1,1986,1954,1699,1817,3,1,3,3,1037,Sawyer,1Fam,441373
115,160,215024,9,5,1976,1981,4238,2545,1,5,2,2,1188,Somerst,1Fam,398648
116,90,11097,10,4,1891,2001,3490,2026,3,1,9,3,1269,Somerst,1Fam,251773
117,160,196929,4,6,2005,1953,5975,3426,2,5,2,0,203,OldTown,1Fam,388086
118,160,112023,8,5,1887,1995,1837,4866,1,3,9,2,1026,Somerst,1Fam,416824
119,60,126414,5,7,1878,1996,1487,3231,1,0,3,2,200,NoRidge,1Fam,48105
120,30,201021,2,2,2003,1953,5514,2095,2,7,3,2,1338,NWAmes,Duplex,556141
121,40,47906,4,9,1902,1962,2035,3348,0,5,2,1,891,OldTown,1Fam,355420
122,40,211908,3,4,1904,1950,1311,3627,0,2,6,2,273,Veenker,1Fam,245702
123,120,60515,10,4,1981,1983,5019,5091,3,7,5,0,415,NWAmes,1Fam,55756
124,40,75985,2,5,1955,1960,4966,5362,0,5,5,3,1270,Veenker,1Fam,254361
125,50,97477,2,2,1943,2004,384,1807,0,6,5,1,913,Somerst,1Fam,326440
126,120,129995,6,8,2008,1955,5230,5208,3,1,13,1,325,Veenker,1Fam,637379
127,30,70357,6,3,1883,1988,3868,4669,3,0,7,2,1163,Sawyer,1Fam,500804
128,80,170981,6,9,1999,1997,1703,1014,3,0,11,0,1018,NWAmes,1Fam,336136
129,70,5860,2,2,1908,1960,3271,3295,0,4,4,1,109,Mitchel,1Fam,125563
130,160,143916,5,8,1957,1965,1458,1141,3,6,7,0,401,Somerst,1Fam,232770
131,60,141702,10,4,1916,1997,1031,2937,1,7,2,3,1197,NWAmes,1Fam,695068
132,70,115665,1,6,1912,1955,808,571,0,7,5,1,497,Veenker,1Fam,126957
133,120,132539,8,8,1916,1976,1008,1923,3,4,2,0,53,Somerst,Twnhs,488931
134,160,161263,2,2,1949,1965,3561,3455,1,5,2,0,856,OldTown,1Fam,407263
135,90,194772,3,4,1993,1950,4950,1947,2,2,4,3,1274,Crawfor,1Fam,191592
136,80,48021,9,9,1887,1977,2972,387,0,0,3,0,789,Mitchel,1Fam,663906
137,120,103320,3,2,1963,1979,94,2396,0,1,5,0,1383,NoRidge,1Fam,318682
138,160,121577,6,1,1990,1970,2619,3206,3,0,10,0,161,Veenker,1Fam,511025
139,90,75048,4,5,1973,1998,4563,4386,2,5,3,0,946,Sawyer,Duplex,104682
140,40,209652,7,1,2007,1955,5103,1058,3,4,9,0,921,Somerst,1Fam,730291
141,80,110736,5,9,1873,1975,4476,2864,0,6,6,3,1395,NoRidge,1Fam,50787
142,40,128094,5,9,1922,1960,2257,1388,3,1,6,0,738,NoRidge,1Fam,258397
143,70,42954,9,2,1930,1995,3969,1150,3,7,13,2,1165,NWAmes,1Fam,694411
144,60,90256,6,2,1945,1983,417,981,3,5,7,3,206,Veenker,1Fam,494229
145,160,135131,6,8,1915,1992,2502,4367,0,7,5,2,62,Somerst,1Fam,521100
146,70,92942,9,5,1906,1956,3280,5214,0,5,4,0,1015,Crawfor,1Fam,261346
147,160,166044,5,8,1989,1977,173,3855,2,2,4,2,5,BrkSide,1Fam,596323
148,120,30551,9,9,1904,1953,87,2342,0,5,11,1,1240,OldTown,1Fam,705743
149,120,34132,8,4,2003,1969,4898,5372,0,4,9,1,29,OldTown,1Fam,482926
150,30,73825,9,3,1877,2006,1345,2972,3,1,5,1,976,Veenker,Duplex,192156
151,90,69416,5,6,1930,1993,768,3144,2,0,7,3,640,CollgCr,1Fam,687861
152,40,175762,6,6,1956,1954,3617,3702,3,5,8,2,915,Mitchel,1Fam,38009
153,70,186961,2,4,2006,1972,1715,3807,3,0,2,0,883,NoRidge,Duplex,680051
154,60,102273,2,3,1977,2002,5984,2946,0,0,12,1,629,OldTown,1Fam,41789
155,40,109455,2,3,1873,1960,5784,2878,3,0,11,3,682,OldTown,1Fam,76779
156,160,64279,7,5,1975,1995,5034,2021,0,4,8,3,713,NoRidge,1Fam,65178
157,120,115083,4,4,1916,1969,1844,3947,1,7,10,3,960,Veenker,1Fam,171337
158,70,152445,3,5,1990,1978,5348,3902,1,3,3,0,1007,NoRidge,TwnhsE,558691
159,20,155855,7,1,1978,2002,1558,2648,0,1,13,3,637,Somerst,1Fam,319908
160,30,208605,4,8,1898,1990,1463,4113,2,4,9,2,499,Crawfor,1Fam,91907
161,40,124937,2,7,1921,1967,5947,1065,0,3,13,2,60,NoRidge,1Fam,280518
162,160,74109,6,9,1985,1950,4119,2543,3,4,12,1,1104,Crawfor,1Fam,753323
163,60,16186,6,8,1999,1964,525,5571,3,3,9,2,320,CollgCr,1Fam,413364
164,20,148475,2,6,1955,1975,5416,4228,2,4,5,1,615,NWAmes,1Fam,559952
165,70,173303,3,3,1902,1958,981,4157,0,2,10,2,1407,Sawyer,1Fam,226829
166,160,119484,3,6,1925,2002,4162,4915,2,7,8,0,1112,Sawyer,1Fam,409952
167,70,198736,7,6,1981,1953,2678,3564,2,4,6,1,490,Sawyer,1Fam,609150
168,60,69101,3,9,1954,1982,106,3851,1,2,10,1,673,NWAmes,1Fam,520562
169,30,12698,1,3,1899,2008,4812,2889,1,0,12,3,460,OldTown,1Fam,40296
170,120,136758,3,1,1911,1970,4195,4719,1,5,4,2,887,CollgCr,1Fam,472051
171,30,27240,5,2,1899,1982,5403,4110,3,3,8,2,216,Crawfor,1Fam,604868
172,160,19296,8,2,1936,1954,3738,3112,0,1,11,1,1350,OldTown,1Fam,132249
173,40,151484,1,6,1933,1993,4616,1006,2,3,5,1,1399,Sawyer,1Fam,318165
174,30,94237,9,2,1946,2008,5535,4612,1,3,6,1,423,Sawyer,TwnhsE,499336
175,50,130624,4,2,2002,1996,5964,2065,2,6,2,3,326,NWAmes,TwnhsE,38597
176,20,161269,4,4,1961,1958,3425,2239,0,4,5,0,764,Veenker,1Fam,546702
177,20,83137,1,8,1952,1971,102,995,3,5,9,0,917,Sawyer,1Fam,644870
178,30,132037,3,4,1922,1993,2113,1486,1,5,13,2,912,NoRidge,2fmCon,413856
179,80,116669,5,3,1959,1997,3785,1002,3,6,8,3,59,CollgCr,1Fam,356607
180,120,125392,7,3,2003,1974,669,851,0,0,5,2,1008,OldTown,1Fam,101041
181,40,151775,8,8,1873,2007,710,447,2,3,11,3,94,Veenker,1Fam,556775
182,80,82680,6,4,1920,1962,2412,1898,2,5,4,1,484,NoRidge,1Fam,714103
183,50,109230,2,4,1879,1994,5562,4346,3,1,4,0,1016,NWAmes,1Fam,667470
184,60,127772,4,7,1900,1979,1965,4919,0,3,8,2,1257,Sawyer,1Fam,430710
185,50,31292,8,4,1881,1992,5714,1540,2,3,11,0,900,Sawyer,1Fam,59608
186,120,46567,7,4,1953,1985,4906,2583,0,6,4,3,226,Veenker,1Fam,240789
187,70,20434,6,7,1985,1975,1851,4750,1,7,2,2,964,Veenker,1Fam,223682
188,70,43666,6,3,2001,1998,1411,4086,0,0,10,2,52,BrkSide,1Fam,40284
189,120,95191,6,5,1904,2000,5057,5134,0,1,9,0,327,NoRidge,Duplex,120513
190,80,201899,10,6,1968,1999,4619,2565,3,6,10,1,175,CollgCr,1Fam,448826
191,30,198746,6,2,1917,1955,3850,1228,2,1,6,3,1396,Somerst,1Fam,105477
192,30,164508,6,2,1915,1975,5976,1094,3,3,3,0,522,NWAmes,1Fam,62732
193,50,120634,4,8,1956,1994,613,4096,2,7,5,0,791,Sawyer,1Fam,715856
194,20,44629,5,3,1965,2002,2357,473,2,7,7,1,1121,Mitchel,1Fam,470365
195,80,77939,8,4,1952,1971,3682,2777,0,7,7,0,1374,OldTown,1Fam,614990
196,60,165241,9,6,1885,1994,438,2209,3,1,12,2,1411,Somerst,1Fam,213876
197,20,195713,8,1,1928,1983,5963,5211,0,1,4,0,232,Sawyer,2fmCon,297538
198,60,207222,7,1,1911,1963,3493,5632,0,1,5,3,558,Mitchel,1Fam,474480
199,120,84445,8,4,1872,2003,1882,2905,2,6,4,3,574,NWAmes,1Fam,529819
200,160,105411,1,9,1877,1976,1461,3413,2,1,8,0,1129,Sawyer,Duplex,300038
201,160,110229,3,6,1934,1986,6,2345,0,3,11,2,476,BrkSide,1Fam,696992
202,160,13334,3,6,1885,1967,3621,4457,2,6,12,2,327,Mitchel,1Fam,541435
203,80,26224,7,6,1973,1951,5968,1897,2,3,4,3,1070,Somerst,1Fam,193907
204,160,10974,8,8,1879,1977,221,4285,1,7,7,2,702,Somerst,2fmCon,105612
205,160,159063,2,8,1904,1993,2529,5130,2,3,10,3,1060,Veenker,1Fam,45089
206,80,49298,2,1,2008,1969,4045,1245,2,3,2,0,538,Crawfor,1Fam,643113
207,60,151126,5,5,1969,2005,2632,1534,1,7,10,2,689,OldTown,1Fam,628340
208,160,81588,10,5,1948,1995,3977,2341,0,4,3,3,12,CollgCr,1Fam,379713
209,60,171224,1,3,1874,1988,4354,4727,1,1,2,0,22,NWAmes,1Fam,555315
210,30,26017,9,9,1878,1998,5899,3736,3,5,3,0,0,Mitchel,1Fam,671114
211,30,70873,2,3,1997,2001,3692,1364,1,6,12,0,248,Mitchel,1Fam,150301
212,70,45119,3,8,1982,1993,4337,2287,2,6,10,3,492,BrkSide,TwnhsE,741162
213,20,94591,7,1,2003,1999,1845,3749,1,0,11,3,71,Crawfor,1Fam,387493
214,30,121533,8,6,1983,1992,921,5454,2,0,10,0,227,OldTown,1Fam,350462
215,40,37315,9,7,1872,2001,610,2728,2,5,11,0,1201,OldTown,1Fam,150428
216,70,144000,1,5,1983,1956,668,729,1,5,7,1,1211,Sawyer,1Fam,519139
217,60,207650,1,1,1935,1970,5055,889,2,5,11,3,410,BrkSide,1Fam,468842
218,70,10560,5,2,1967,2003,248,486,3,3,2,3,1342,Somerst,1Fam,56472
219,70,19715,6,6,1929,1978,2953,1002,3,6,8,3,167,NoRidge,1Fam,501215
220,160,205021,3,8,1971,1950,3747,2523,3,4,11,3,44,OldTown,1Fam,136709
221,40,140153,7,6,1988,2000,4108,1828,0,7,13,2,502,Sawyer,1Fam,234139
222,60,198053,3,1,2006,1989,403,1931,3,2,6,1,375,Crawfor,1Fam,475361
223,80,152186,10,8,1946,2004,5257,4403,2,6,4,2,109,NoRidge,1Fam,597180
224,40,154767,2,5,1910,1950,2672,2866,1,1,10,1,1201,Mitchel,1Fam,131535
225,30,35046,7,1,1956,1958,108,4203,1,5,2,3,1388,Veenker,1Fam,375936
226,20,110803,6,4,1940,1980,811,3210,0,5,11,1,383,NoRidge,Duplex,240187
227,50,79459,2,2,1899,1960,5250,1422,3,2,10,3,446,Veenker,1Fam,543548
228,40,179650,7,9,1971,1981,5762,5367,3,0,10,0,1018,OldTown,1Fam,631236
229,30,10526,2,9,1882,1970,4593,2861,0,7,5,2,1323,Mitchel,1Fam,495628
230,40,5186,6,1,1927,1962,2036,4771,2,0,3,1,406,NWAmes,1Fam,607360
231,80,120383,7,6,1967,1996,5785,848,2,3,9,1,968,CollgCr,1Fam,359491
232,120,208921,1,1,1999,1952,1684,4843,0,0,6,3,32,Somerst,1Fam,465470
233,70,214162,3,5,1957,2002,1427,4134,2,3,6,1,802,OldTown,1Fam,245685
234,20,128285,3,2,2007,1959,4673,1660,3,6,4,0,1399,NWAmes,2fmCon,746704
235,90,93271,10,7,1986,1984,1970,4544,1,4,6,1,674,OldTown,1Fam,182019
236,30,59690,3,1,1904,2009,3177,4275,2,1,11,3,909,Veenker,TwnhsE,698210
237,20,213107,10,9,1988,1956,4041,5076,3,3,12,3,974,Somerst,1Fam,572054
238,70,40502,6,3,1918,2005,1014,1447,1,0,6,2,896,Mitchel,1Fam,745539
239,60,28305,10,3,1959,1968,5656,5035,0,4,3,2,973,BrkSide,TwnhsE,497163
240,50,110056,9,8,1899,1994,1016,4379,1,0,2,1,1257,NWAmes,1Fam,288460
241,160,85263,3,9,1946,2001,6065,2127,0,2,4,3,14,Sawyer,1Fam,237206
242,20,107375,6,1,1965,1963,1694,2193,1,0,2,2,1254,CollgCr,1Fam,164254
243,20,194270,8,1,1998,1970,2546,1685,2,1,10,0,1287,Mitchel,1Fam,731308
244,70,59024,1,8,2002,2001,1547,2864,0,0,9,3,1281,OldTown,2fmCon,111618
245,60,188864,7,9,1982,1956,3294,5093,2,7,11,3,521,CollgCr,1Fam,618425
246,120,46605,5,5,1949,1956,5,4780,3,6,5,0,826,NWAmes,1Fam,537866
247,20,70530,1,2,1993,1968,1042,1109,1,7,11,1,500,Crawfor,1Fam,126210
248,60,2252,9,2,1886,1986,3173,1030,3,5,4,2,1191,CollgCr,1Fam,694298
249,30,146485,3,3,2009,1998,4240,648,1,3,4,2,576,NWAmes,1Fam,151961
250,20,184963,9,7,1900,1983,5882,3593,2,1,12,0,443,Mitchel,1Fam,150692
251,60,190889,3,1,1927,1979,5116,2002,0,7,12,0,971,Mitchel,1Fam,426668
252,90,37127,6,6,1997,2002,5631,4372,1,7,9,3,70,NoRidge,1Fam,109183
253,30,165369,4,8,1970,1960,4879,4369,3,3,9,3,533,NWAmes,1Fam,108623
254,120,31538,9,2,1989,2004,4744,1383,2,1,10,2,292,NWAmes,1Fam,484413
255,70,135759,10,9,1966,1968,2113,4018,2,3,11,2,530,NWAmes,1Fam,729319
256,60,151574,8,9,1954,1966,5529,4391,2,3,4,2,636,OldTown,1Fam,73294
257,160,33942,9,3,1896,2007,5885,5573,0,7,2,1,89,NWAmes,1Fam,494340
258,50,24943,8,2,2009,1988,3137,4169,3,0,4,2,1226,CollgCr,2fmCon,468178
259,40,16918,3,3,1959,1975,735,2242,1,5,6,1,590,Veenker,1Fam,82551
260,90,152850,10,3,1964,1969,260,5640,0,6,4,0,508,Sawyer,1Fam,142601
261,30,132795,6,3,1931,1976,3018,1798,3,6,8,1,211,Crawfor,1Fam,354254
262,120,26834,4,9,2003,1997,3878,4608,0,1,3,1,1412,Mitchel,1Fam,534151
263,120,108331,2,2,1934,1959,3388,2341,3,3,8,1,1213,NoRidge,1Fam,194739
264,160,171558,8,3,1898,1960,5476,5297,1,2,10,1,683,Sawyer,1Fam,347561
265,60,52226,3,8,1896,1968,3278,4486,0,3,3,0,474,BrkSide,1Fam,388073
266,80,130873,7,1,1968,1978,4038,3517,0,0,5,1,662,Mitchel,1Fam,547482
267,120,63936,1,1,1974,1998,4630,1471,2,0,8,1,1362,NWAmes,1Fam,212783
268,30,57142,7,3,1900,1962,5467,1334,2,0,2,0,313,Somerst,1Fam,531131
269,50,85185,7,9,1968,1997,3724,5364,0,7,9,1,970,NWAmes,1Fam,633876
270,60,76654,6,8,2009,2004,3406,4589,1,3,11,2,1281,Sawyer,1Fam,454497
271,80,107314,7,9,1945,1976,471,3054,0,1,6,1,1072,NWAmes,Duplex,554163
272,80,45245,10,8,2005,2007,3924,4991,2,6,2,0,1233,Veenker,1Fam,155507
273,160,84793,9,2,1893,2003,1098,4490,3,3,8,2,1343,Somerst,1Fam,687726
274,60,134455,5,4,1927,1997,2252,2391,1,2,12,2,85,BrkSide,TwnhsE,251832
275,30,84159,9,5,1948,1972,3251,4725,3,0,5,1,338,CollgCr,1Fam,177449
276,30,141733,10,2,1921,1968,504,4559,1,3,12,0,204,NoRidge,1Fam,429832
277,120,26060,2,9,1885,2001,4243,2875,0,5,12,0,804,Crawfor,2fmCon,312420
278,60,30751,4,6,1935,1976,1714,437,1,4,5,0,577,OldTown,TwnhsE,367074
279,80,186488,8,8,1918,1951,3141,4269,3,3,9,3,57,Veenker,1Fam,614916
280,70,100105,6,3,1900,1993,2140,2136,3,4,2,1,790,NWAmes,1Fam,420814
281,120,131625,2,7,1923,1970,2172,2269,2,6,8,1,142,CollgCr,1Fam,304106
282,40,159575,5,1,1929,2006,2406,4121,1,7,12,2,577,Sawyer,2fmCon,611133
283,30,32557,4,1,1993,2001,312,4638,3,4,13,2,519,NoRidge,Duplex,307881
284,90,209310,8,6,1939,1956,1193,800,2,1,4,0,1267,Mitchel,1Fam,724988
285,60,91985,6,1,1929,2004,4801,4707,3,1,9,3,967,OldTown,Duplex,744946
286,120,191649,2,3,1925,2006,744,1888,2,1,2,1,885,NoRidge,1Fam,372820
287,30,90454,1,8,1954,1995,3037,3339,2,0,5,3,1179,Veenker,1Fam,589998
288,40,88070,3,5,1910,1966,855,4944,3,4,12,3,255,Sawyer,1Fam,544842
289,160,129799,2,4,1992,1990,3292,1491,3,1,9,2,363,Veenker,1Fam,654774
290,120,42141,9,3,1929,2002,3932,1506,2,1,6,0,1066,Mitchel,TwnhsE,367043
291,20,131564,3,7,1930,1998,2865,5483,0,5,13,2,1062,Veenker,1Fam,327961
292,120,211674,7,9,1880,1975,4713,2313,1,2,11,0,30,NWAmes,1Fam,234092
293,20,139342,2,7,1993,1992,1621,5360,2,6,2,3,318,Crawfor,1Fam,456819
294,30,16290,5,4,1937,1973,3408,2229,2,1,2,3,322,Sawyer,1Fam,478268
295,120,150612,10,4,1890,1965,1688,3624,1,2,9,3,8,Crawfor,1Fam,359343
296,30,8446,7,1,1895,1990,3109,3042,0,0,12,3,937,NWAmes,TwnhsE,258396
297,50,23412,3,2,1922,1977,387,5556,3,4,3,0,77,CollgCr,1Fam,359156
298,30,62184,8,3,1979,1963,1644,3254,3,0,8,0,1193,Veenker,1Fam,396497
299,70,66536,6,4,1885,1989,4323,3002,0,1,11,2,830,Crawfor,1Fam,126856
300,20,2059,3,9,1888,1969,4753,2809,1,5,12,2,1080,BrkSide,1Fam,510265
301,40,5011,10,8,1949,1985,1661,2327,1,7,9,3,704,Sawyer,TwnhsE,641319
302,50,170152,10,2,1940,1971,1577,2669,3,4,13,2,1375,NWAmes,1Fam,266682
303,80,98568,6,3,2004,2003,1824,2778,3,7,13,3,383,NoRidge,Duplex,316129
304,60,44050,1,1,1975,2001,1706,4387,1,6,12,1,791,NoRidge,1Fam,101799
305,30,93174,5,1,1962,1978,6070,577,1,6,10,0,9,Crawfor,1Fam,453871
306,60,149550,6,4,1918,1992,3978,2993,1,7,13,0,1181,NoRidge,TwnhsE,342815
307,60,158405,10,9,1958,1960,2357,3248,0,0,2,1,805,Mitchel,Duplex,652077
308,50,62946,8,2,1952,2009,2822,4331,1,1,3,0,249,NWAmes,1Fam,688082
309,70,37053,3,7,1910,1962,3120,3870,1,3,8,2,1159,Crawfor,1Fam,591880
310,50,206546,6,4,1923,2002,3378,2626,0,4,10,1,1402,CollgCr,1Fam,186177
311,50,136405,2,5,2000,2000,2361,915,2,7,12,1,97,Somerst,1Fam,177651
312,90,211598,5,8,1946,1960,5953,2308,3,0,10,2,1199,Crawfor,TwnhsE,384657
313,40,66915,6,8,1937,1950,1773,1690,1,1,4,2,1044,Mitchel,1Fam,480290
314,50,25104,6,8,1981,1994,2610,1417,1,2,12,0,502,OldTown,1Fam,57767
315,30,83009,5,4,1908,2002,35,4162,1,5,2,1,899,BrkSide,1Fam,391875
316,80,71441,5,1,1902,1992,3003,2871,0,7,3,3,1113,Somerst,1Fam,97321
317,90,155187,8,9,2008,1953,5223,4546,2,7,10,1,679,Sawyer,1Fam,222235
318,80,154511,6,9,1982,1988,6093,1068,1,5,13,3,945,Crawfor,1Fam,293407
319,30,16607,1,8,1930,1973,2890,5566,3,6,8,1,68,OldTown,Twnhs,64321
320,60,127044,8,5,2002,2004,852,2846,1,3,3,1,1312,Sawyer,1Fam,223846
321,40,74636,7,3,1923,1998,4398,1678,3,4,2,3,1309,Crawfor,Twnhs,488412
322,90,132851,7,2,1965,1997,3913,2260,1,1,13,1,298,OldTown,1Fam,753468
323,50,85021,8,4,1876,1974,5857,4800,0,4,5,3,677,Mitchel,1Fam,596473
324,60,116278,2,4,1968,1969,3086,4102,1,2,9,2,338,BrkSide,1Fam,255535
325,60,154430,10,3,1896,1999,17,1247,3,7,5,3,566,NoRidge,1Fam,713031
326,90,64069,10,9,1905,1956,5503,5589,1,2,4,3,390,Sawyer,1Fam,351803
327,90,43923,2,6,1983,1956,4124,1028,3,3,10,3,1221,OldTown,1Fam,290523
328,120,152343,3,3,1900,1953,4889,1795,2,3,10,2,985,OldTown,1Fam,644990
329,60,203994,3,6,1938,1980,724,4204,2,7,7,3,1199,CollgCr,1Fam,322376
330,120,96292,10,7,1999,1954,2793,3145,3,7,8,0,1124,CollgCr,1Fam,566898
331,120,214766,10,5,2003,1984,2798,2700,2,3,7,1,1031,NWAmes,1Fam,152280
332,70,40856,3,9,1933,1960,1635,5250,2,7,9,1,236,Mitchel,1Fam,274226
333,80,176501,7,9,1883,2003,5173,4548,0,6,11,0,1176,NoRidge,1Fam,743921
334,160,212721,3,4,1911,1975,1148,5441,2,6,10,3,1110,BrkSide,1Fam,210534
335,120,65421,1,5,1957,1955,436,1833,2,7,5,3,176,Mitchel,1Fam,646687
336,40,32933,3,2,1918,1991,1431,4849,0,2,4,2,124,Mitchel,2fmCon,370781
337,90,143330,1,8,1971,1970,6046,1465,2,4,10,2,1078,NoRidge,1Fam,724470
338,60,187302,9,9,2008,1965,693,4611,2,2,9,2,553,Sawyer,1Fam,334451
339,30,19089,8,6,1957,1989,3548,3247,1,2,6,1,465,NoRidge,2fmCon,391599
340,50,138379,2,2,1958,2007,1118,3507,0,3,12,2,562,Crawfor,TwnhsE,319054
341,160,187705,6,5,1945,2008,2413,946,0,0,7,3,1230,NWAmes,1Fam,185963
342,160,8149,3,8,1897,1976,3371,5000,0,1,6,1,515,CollgCr,1Fam,642515
343,90,111694,6,1,1951,2000,119,1813,0,6,8,1,524,Somerst,1Fam,447650
344,160,17770,9,6,2000,1962,1473,3508,0,1,4,0,566,Somerst,Twnhs,398629
345,70,39048,9,6,1967,2000,3585,1216,2,4,10,3,77,Crawfor,1Fam,302843
346,90,105351,9,5,1975,2006,88,5248,1,6,12,2,53,OldTown,1Fam,591060
347,30,71349,3,6,1991,1981,3023,2032,0,2,13,2,587,CollgCr,2fmCon,285397
348,40,19514,2,9,1925,1981,3688,4382,0,3,7,1,23,Sawyer,1Fam,206036
349,30,172614,2,2,1918,1983,1315,4397,2,7,5,0,1073,BrkSide,1Fam,94210
350,160,44722,2,6,2005,1954,990,3255,3,6,7,3,601,Veenker,1Fam,663709
351,80,187480,7,8,1935,2001,2996,974,3,7,3,3,710,Mitchel,1Fam,87574
352,160,39113,7,8,1973,1994,4390,1819,3,5,10,1,476,Veenker,1Fam,643305
353,60,112490,9,5,1959,2002,78,3581,1,7,7,3,1082,NWAmes,1Fam,307672
354,60,156845,1,9,1889,1956,2063,3178,2,3,3,2,606,NoRidge,1Fam,36733
355,80,104060,3,3,1915,1998,6106,3437,0,4,8,2,50,Mitchel,1Fam,701855
356,70,90536,8,4,1917,1971,2051,1657,0,5,10,0,692,Sawyer,1Fam,568376
357,50,161915,7,8,1896,1999,2029,3190,0,7,4,2,251,NWAmes,1Fam,555549
358,50,3819,5,4,1979,2009,4507,786,0,2,6,0,843,BrkSide,1Fam,429459
359,70,178059,2,4,2005,2002,2934,2904,1,6,12,0,799,NWAmes,1Fam,582578
360,20,148899,5,6,2005,2004,2390,819,0,4,10,1,672,Mitchel,1Fam,130771
361,30,164935,2,6,1898,1956,4794,3857,3,0,11,0,546,CollgCr,1Fam,203612
362,20,91363,6,9,1934,1969,188,3342,2,5,7,3,845,CollgCr,1Fam,426518
363,30,83546,10,6,1904,1967,4355,4855,2,7,7,0,964,Somerst,1Fam,563834
364,30,123659,2,2,1880,1980,2325,2786,0,3,7,3,1245,Somerst,1Fam,458613
365,20,138636,2,1,1957,2008,5429,1194,3,4,7,0,1364,Somerst,1Fam,327490
366,20,199240,8,9,1990,1991,4429,1582,0,7,3,3,117,BrkSide,Duplex,518723
367,120,184727,1,4,1882,1982,5751,4655,3,7,2,1,935,CollgCr,1Fam,77667
368,30,12829,10,2,1960,1998,786,5420,2,3,11,3,120,NWAmes,1Fam,400861
369,70,33768,8,3,1876,1960,1155,660,0,6,8,2,591,OldTown,1Fam,319205
370,20,203823,5,1,1988,1989,5518,3924,0,5,8,1,1051,NWAmes,Twnhs,393625
371,160,84339,4,2,1880,1980,2385,2893,2,5,9,0,769,Crawfor,1Fam,129415
372,40,125448,4,8,1932,1962,4983,1702,3,5,6,1,1145,Mitchel,1Fam,685392
373,90,13413,4,6,1889,1988,4196,3048,1,2,12,2,1294,CollgCr,1Fam,649648
374,80,23685,9,6,1928,2000,3053,5301,0,2,7,3,1380,Veenker,1Fam,713697
375,90,88777,8,1,1931,1999,275,1382,1,0,8,1,954,BrkSide,1Fam,639995
376,80,154768,3,7,1946,2000,451,4777,1,6,8,0,954,NWAmes,1Fam,513297
377,70,166525,2,9,1986,1998,4380,809,1,2,3,1,1138,BrkSide,1Fam,241906
378,90,192713,6,9,2009,1978,594,4159,3,5,4,0,330,NWAmes,1Fam,117098
379,120,43453,7,4,1919,1952,29,731,1,5,4,3,427,Crawfor,1Fam,475545
380,50,44482,8,6,1999,2007,1341,656,0,5,5,0,483,BrkSide,1Fam,716550
381,160,117234,4,3,1930,1977,5585,531,2,6,3,3,1055,NWAmes,1Fam,296843
382,160,118311,5,8,1888,1987,3827,4605,2,6,4,0,498,Veenker,TwnhsE,749974
383,90,9127,2,9,1954,1951,4388,3378,2,0,13,3,197,CollgCr,1Fam,145958
384,160,96970,5,3,1971,2003,3984,3998,2,6,6,1,1132,OldTown,1Fam,238910
385,30,193347,7,5,1913,2003,3455,1159,1,1,11,0,1063,OldTown,1Fam,502538
386,70,36364,4,3,1953,2005,1566,5225,1,5,6,2,842,CollgCr,1Fam,389728
387,80,176735,4,6,1931,1960,2620,4626,0,5,11,2,1250,Mitchel,1Fam,582252
388,160,96984,5,3,1892,2000,3328,2927,0,0,11,3,1122,Sawyer,2fmCon,283252
389,30,113494,9,7,1925,1987,6036,5105,2,2,12,0,1276,OldTown,1Fam,592777
390,120,138568,7,9,1930,1958,5494,1093,1,7,5,2,368,BrkSide,TwnhsE,251726
391,20,152299,10,8,1919,1984,4500,1886,2,1,3,2,165,NoRidge,1Fam,142353
392,50,137688,1,2,1998,1978,4969,591,3,1,5,1,484,Veenker,Twnhs,444457
393,80,23532,9,2,1925,1987,4932,1206,2,0,10,3,1176,NoRidge,1Fam,404007
394,40,64485,1,8,1958,1955,4079,4800,0,1,9,1,1311,NWAmes,1Fam,443241
395,120,182128,4,1,1873,1983,5043,2508,0,5,10,1,155,BrkSide,1Fam,52109
396,160,9889,5,4,1915,1990,447,3759,0,6,13,2,1213,NWAmes,1Fam,330967
397,30,154326,3,9,1994,1992,133,5013,1,4,4,3,678,CollgCr,1Fam,99831
398,40,112653,10,5,1995,1996,2714,4389,0,2,7,3,1159,Somerst,1Fam,614458
399,20,26966,9,1,2006,1987,334,2456,3,6,7,2,967,Veenker,1Fam,93264
400,90,27565,6,9,1879,1992,2073,2182,1,2,3,0,85,NWAmes,1Fam,705810
401,120,211113,5,7,1991,1955,1212,909,2,2,9,1,686,Mitchel,Duplex,76083
402,80,7941,8,3,1908,1997,5851,4737,0,4,2,0,126,Somerst,1Fam,474598
403,30,6120,8,6,1872,1972,4003,5560,0,1,12,0,481,Somerst,1Fam,275247
404,30,4875,5,6,1884,1982,256,2988,0,2,3,3,1074,NWAmes,1Fam,114617
405,20,135766,9,5,1975,1982,3812,2986,1,6,3,3,969,CollgCr,1Fam,292465
406,60,199497,2,9,1953,2008,4475,4837,1,4,4,0,999,Sawyer,1Fam,63678
407,90,38046,3,8,1951,1969,1986,2151,1,7,12,1,937,Somerst,TwnhsE,537436
408,30,171546,1,3,1993,1973,5393,2491,3,6,12,1,20,Somerst,1Fam,662041
409,120,155181,2,9,1884,1995,5945,5077,2,2,13,0,826,NoRidge,1Fam,272446
410,40,50459,2,9,1883,1988,5991,2347,2,6,11,1,687,Veenker,TwnhsE,351059
411,70,16363,7,1,2000,1969,568,5256,0,6,13,0,749,NWAmes,1Fam,135999
412,80,105686,9,3,1955,1970,2743,1190,1,5,7,2,301,NoRidge,Duplex,382090
413,70,18651,6,6,1979,1999,4745,2971,2,6,2,3,1000,Sawyer,1Fam,716745
414,60,25597,5,8,1944,2000,2705,2933,2,4,7,1,861,NWAmes,1Fam,422502
415,50,101060,3,7,1892,1958,2938,1962,3,7,4,0,571,Mitchel,1Fam,665330
416,60,175806,2,6,1944,1973,2006,5445,1,1,4,1,80,CollgCr,1Fam,596660
417,40,213963,6,3,2005,1996,2559,2895,1,3,10,3,97,Somerst,2fmCon,124354
418,40,135623,2,1,1888,1957,4243,4999,3,2,4,0,509,BrkSide,1Fam,72986
419,90,60459,8,9,1889,1961,156,1497,1,0,5,2,762,Mitchel,1Fam,296136
420,120,71537,5,5,1919,1959,4884,2186,2,4,6,0,1413,NWAmes,1Fam,711813
421,120,132347,4,5,1934,1981,4446,2872,0,0,2,1,1025,Veenker,1Fam,155937
422,50,38358,1,9,1958,1977,847,3327,0,1,10,1,688,Mitchel,TwnhsE,66925
423,50,112251,3,2,1893,1969,4714,1551,0,6,11,1,424,OldTown,1Fam,725556
424,20,165805,1,3,2000,1958,3185,1995,1,1,8,0,239,Mitchel,1Fam,177421
425,40,181467,8,8,1892,1988,1948,3636,3,6,2,3,199,BrkSide,1Fam,291239
426,70,13951,5,3,1899,1998,2782,1812,0,0,11,2,101,Mitchel,Duplex,596720
427,40,63042,8,9,2005,1962,3158,4367,3,3,7,1,1292,BrkSide,1Fam,105554
428,90,55814,6,8,1923,1989,1286,2866,3,0,5,1,22,NWAmes,1Fam,158067
429,20,120027,10,1,1950,1997,3705,5479,0,0,13,0,1224,Sawyer,1Fam,558300
430,60,40946,8,5,1932,1983,3844,1595,0,6,12,2,827,Somerst,1Fam,39671
431,40,204681,2,7,1907,1984,2246,4806,3,0,7,0,876,Mitchel,1Fam,547407
432,60,197507,2,5,1941,1960,2813,2935,2,7,7,1,1359,NoRidge,1Fam,425493
433,20,72455,9,2,1979,2007,3761,791,0,4,12,3,1115,NWAmes,1Fam,208468
434,60,88396,3,1,1873,2007,3076,4076,3,3,4,2,208,Sawyer,1Fam,476724
435,90,95308,8,1,1992,1992,2652,1456,2,7,6,2,1373,Veenker,1Fam,266384
436,120,10420,7,2,1897,2004,5842,1069,2,3,8,1,249,Sawyer,1Fam,718232
437,40,191457,8,3,1998,1986,5365,3156,2,3,6,2,807,Sawyer,Duplex,333755
438,60,168042,3,3,2004,1989,2319,4505,0,3,5,0,908,OldTown,1Fam,573800
439,80,72436,4,8,2000,1999,4390,1701,1,5,3,0,346,Somerst,1Fam,227670
440,60,118421,6,5,1961,1952,4950,3641,0,6,5,3,893,BrkSide,Duplex,635021
441,70,82743,1,2,1996,1963,675,410,2,4,6,1,905,Crawfor,1Fam,242928
442,50,50119,4,1,1990,1962,3615,1313,3,2,12,2,1389,NWAmes,1Fam,400675
443,120,66364,6,2,1960,1987,4885,4340,2,7,6,3,1296,BrkSide,1Fam,612125
444,80,24211,3,3,1995,1964,350,402,2,4,3,3,566,BrkSide,1Fam,701793
445,160,174495,3,7,1919,1973,2062,2233,0,6,12,0,978,Somerst,TwnhsE,576307
446,90,141387,10,1,1987,1979,4874,3029,2,3,6,2,1164,NoRidge,1Fam,515560
447,50,200351,3,4,1999,1994,5716,684,3,1,13,3,37,Sawyer,1Fam,533662
448,50,2704,10,5,1959,1981,6063,5528,0,7,3,0,971,NWAmes,TwnhsE,327420
449,20,136320,10,2,1888,1951,3686,3034,0,5,2,3,1300,OldTown,TwnhsE,529445
450,80,121193,7,1,1901,1991,260,2131,2,2,13,2,170,NWAmes,1Fam,448725
451,90,134722,2,3,1895,1975,168,5521,0,6,3,1,1068,BrkSide,1Fam,410707
452,50,213043,3,2,1945,1956,4956,3298,0,0,2,3,85,Mitchel,1Fam,260488
453,20,84739,10,8,1931,1989,4486,3935,3,7,9,3,569,Somerst,1Fam,287598
454,120,31473,1,9,1986,1966,1184,813,0,4,5,0,1162,BrkSide,TwnhsE,123869
455,40,3970,6,6,1911,1977,798,1176,1,4,7,2,1400,Somerst,1Fam,553764
456,70,106564,6,7,1894,2008,890,573,1,0,6,3,1031,Crawfor,1Fam,50888
457,20,38513,9,7,1956,1964,5360,3063,1,1,5,2,1023,OldTown,1Fam,118696
458,20,31489,9,8,1891,2003,4672,4773,1,5,7,2,367,NoRidge,1Fam,245846
459,120,32843,3,1,1996,1977,5794,5120,1,4,5,0,1170,Veenker,1Fam,136484
460,80,60557,6,9,1883,2005,694,3382,3,1,4,1,934,NoRidge,1Fam,574742
461,20,26092,7,5,1939,2000,4248,621,0,5,4,3,1337,CollgCr,1Fam,125823
462,30,105257,10,5,2002,1999,5643,3657,0,5,3,3,854,BrkSide,1Fam,363607
463,60,141230,6,8,1948,1962,3255,3719,1,2,8,1,56,Sawyer,1Fam,562530
464,80,63199,2,5,1983,1997,4729,3503,3,5,8,1,724,Crawfor,Duplex,459082
465,60,30471,10,3,1930,1972,3678,4162,1,7,2,3,1098,Sawyer,1Fam,460868
466,120,123767,6,1,1976,2004,42,3291,0,3,7,3,1117,OldTown,1Fam,282724
467,80,19620,2,2,1969,2009,2620,4070,2,1,10,1,547,Sawyer,1Fam,359060
468,80,159103,2,1,1942,1986,1596,2915,2,7,2,3,242,Veenker,1Fam,587154
469,40,83151,3,4,1885,2004,510,1131,1,7,5,1,1232,CollgCr,1Fam,377834
470,80,89007,8,8,2005,1981,3639,758,0,3,13,3,1167,Sawyer,TwnhsE,538855
471,120,54577,10,4,1878,1952,5675,5149,3,3,7,3,1246,Crawfor,1Fam,630825
472,20,61810,5,6,1921,2002,329,2674,3,6,2,2,950,Somerst,1Fam,211284
473,90,32506,1,2,1960,1981,2011,2044,3,0,8,1,1174,Sawyer,1Fam,122521
474,120,120682,9,6,1978,1952,4091,1890,3,2,6,1,571,NoRidge,TwnhsE,368539
475,60,32563,7,9,1945,1953,1911,608,1,4,4,0,1104,CollgCr,1Fam,310874
476,90,146899,6,3,1927,1993,711,5350,1,5,2,0,692,OldTown,1Fam,142774
477,50,56113,1,5,1928,2005,1168,775,3,5,12,3,1126,Mitchel,1Fam,582295
478,30,122272,10,9,2006,1991,150,1496,1,2,11,2,207,CollgCr,1Fam,484222
479,120,116156,1,6,1918,1976,6063,2762,3,6,10,0,420,NoRidge,1Fam,508610
480,50,136816,7,4,1989,1968,3003,2234,2,5,2,2,304,Somerst,1Fam,545536
481,90,163490,6,2,1879,1975,5759,546,3,4,12,3,576,BrkSide,1Fam,348249
482,50,121237,6,9,1962,1969,4189,2081,0,7,7,2,1154,Crawfor,1Fam,402352
483,50,183747,6,6,1965,1966,2135,4471,2,0,7,3,163,Somerst,1Fam,196448
484,80,56712,4,1,1965,1957,5758,1664,3,5,12,0,1035,Veenker,1Fam,561550
485,50,162062,6,5,1930,1984,1588,4929,0,7,7,0,1177,Crawfor,1Fam,716432
486,120,74676,4,9,1967,1963,1103,2245,2,5,4,2,951,Crawfor,1Fam,664169
487,20,135703,5,9,1933,1958,4920,404,0,4,4,2,916,Somerst,1Fam,328642
488,20,106560,7,2,1953,1966,3380,912,3,2,13,2,196,NWAmes,1Fam,70849
489,20,195481,8,4,1995,1997,2582,4633,3,2,8,3,868,Veenker,1Fam,667028
490,40,59324,2,9,1964,1984,3593,2486,0,4,8,0,321,CollgCr,1Fam,448885
491,20,112495,10,8,1973,1979,5913,5542,2,7,9,3,348,OldTown,1Fam,595015
492,50,36489,1,6,2005,1985,1711,4521,1,3,4,0,1221,Crawfor,1Fam,251677
493,20,136803,3,3,1902,1983,5506,495,3,0,7,2,872,NWAmes,1Fam,655287
494,90,9193,4,7,1953,1979,5565,1992,1,3,13,3,1408,CollgCr,1Fam,638502
495,30,89364,4,6,1962,2000,4640,4182,2,0,3,2,644,NWAmes,1Fam,47085
496,160,3417,4,5,1967,1993,960,668,0,7,13,0,507,Sawyer,1Fam,441619
497,120,71342,4,9,1890,1961,549,5637,0,4,5,2,1411,Mitchel,Twnhs,378669
498,80,104859,5,4,1976,1999,735,1216,3,1,5,3,882,Somerst,1Fam,508644
499,90,72268,8,6,1898,1960,4290,4565,1,4,2,0,1223,Crawfor,1Fam,221718
500,90,83864,9,1,1928,1954,2443,4795,3,4,9,3,63,Crawfor,1Fam,105454
501,120,33031,4,7,1970,1975,6032,3016,3,4,5,2,745,CollgCr,1Fam,232222
502,70,154190,3,5,1908,1973,38,4599,3,4,7,0,1158,Mitchel,1Fam,413240
503,80,171728,7,8,1889,1997,2280,5030,0,7,8,1,1146,Sawyer,TwnhsE,229212
504,60,98589,1,3,1965,1991,1613,4232,0,6,9,3,1013,Veenker,1Fam,369097
505,80,13145,5,9,1910,1953,5386,4091,2,2,13,1,233,Mitchel,1Fam,315244
506,50,14650,3,6,1986,1979,740,2396,3,1,8,3,775,BrkSide,1Fam,534715
507,30,145645,7,2,1995,1997,2493,1886,3,7,4,1,143,Mitchel,1Fam,330648
508,160,200038,1,2,1920,1993,5295,4939,2,5,10,1,1137,OldTown,1Fam,138915
509,80,186246,9,2,1973,1980,5934,1524,0,0,2,3,894,NoRidge,1Fam,491472
510,90,88053,3,3,1902,1986,5598,2534,2,4,12,3,274,NWAmes,1Fam,188040
511,40,107722,6,5,2000,1983,3993,3054,1,0,5,0,1030,Sawyer,1Fam,251192
512,90,36192,6,8,1905,1963,995,2407,3,0,10,3,1020,Somerst,TwnhsE,543793
513,70,16319,5,9,1993,1983,589,2313,2,1,3,1,75,OldTown,1Fam,231326
514,20,165135,5,7,1980,1990,2511,3514,0,2,6,3,126,NWAmes,1Fam,79420
515,160,92957,3,5,1915,1953,2926,2082,3,0,10,0,284,CollgCr,1Fam,294573
516,160,107603,8,6,1985,1991,3140,5582,3,6,9,2,99,Veenker,1Fam,314293
517,120,74731,6,3,1959,1964,303,1278,2,3,2,0,761,NWAmes,1Fam,529259
518,60,68298,3,3,1964,1950,4126,2398,3,4,2,2,1247,NoRidge,1Fam,545506
519,40,212151,3,5,1924,1995,2413,4820,0,6,13,3,89,Mitchel,1Fam,35023
520,20,175924,5,8,1904,1973,664,2858,1,6,8,2,871,Mitchel,1Fam,579940
521,90,149192,9,1,1968,1974,5592,4076,0,6,12,1,601,OldTown,1Fam,572762
522,120,84557,10,1,1879,1987,2180,3768,1,1,2,3,1185,Sawyer,1Fam,159811
523,30,155631,4,2,1920,1983,1418,2092,1,5,7,0,683,Sawyer,1Fam,278991
524,80,73875,4,2,1891,1987,3008,4283,1,7,8,2,948,CollgCr,1Fam,587100
525,20,111658,2,2,1872,2006,5807,1595,1,0,13,3,1307,OldTown,1Fam,449850
526,90,32327,6,2,1873,1989,5038,4313,2,6,10,1,193,OldTown,1Fam,279423
527,20,153075,3,1,1884,1952,610,1014,0,6,9,0,447,BrkSide,1Fam,583272
528,160,14241,9,4,2001,1963,4195,4018,1,6,5,1,382,Mitchel,1Fam,489724
529,30,155890,6,7,1978,1976,4061,931,3,3,13,1,239,Somerst,1Fam,402752
530,60,130455,3,2,2008,1978,5413,4945,2,1,5,3,918,Mitchel,1Fam,39294
531,80,15497,10,3,1883,1971,5900,3654,0,5,5,3,10,NoRidge,1Fam,500913
532,120,109577,9,9,2009,1961,4557,548,1,4,10,1,547,Crawfor,1Fam,164498
533,50,48925,4,2,1954,1956,3996,911,3,5,13,3,172,NWAmes,TwnhsE,697349
534,160,103166,2,9,1981,1958,2160,1328,0,2,12,0,872,CollgCr,1Fam,170974
535,20,4074,3,5,1990,2007,5492,5430,3,1,4,0,1064,OldTown,1Fam,56406
536,60,155728,4,7,1908,1973,5762,3462,1,7,11,2,662,BrkSide,1Fam,305823
537,160,110370,5,3,1974,2007,6055,1815,2,4,6,2,630,Crawfor,1Fam,286595
538,40,78808,9,3,1961,1970,5832,1803,1,6,4,3,637,Crawfor,1Fam,288568
539,70,188672,10,4,1929,1968,3921,470,2,7,13,2,281,Somerst,1Fam,702327
540,60,139280,8,2,1939,1979,5842,1412,3,3,13,0,532,BrkSide,1Fam,232584
541,50,131711,9,3,1900,2006,4779,4874,0,2,6,2,1323,Veenker,1Fam,637933
542,90,32776,2,9,1897,1983,1467,3512,1,7,2,1,58,Mitchel,1Fam,152071
543,70,108316,2,1,1999,1952,195,2285,2,5,4,1,1116,Crawfor,1Fam,479077
544,90,151193,10,6,1972,1966,5991,446,1,5,8,1,233,BrkSide,1Fam,129110
545,70,199405,7,7,1950,2008,2610,2154,1,7,2,3,162,BrkSide,TwnhsE,200021
546,160,130576,3,2,1967,1959,5336,2366,3,1,4,0,404,CollgCr,1Fam,141523
547,60,38145,8,1,1927,2000,1761,963,0,2,3,2,381,Veenker,1Fam,272916
548,90,146347,2,5,1906,2005,2203,3557,0,0,13,0,448,Veenker,1Fam,366022
549,80,17261,8,2,2002,1962,5035,3839,2,3,6,2,1204,BrkSide,1Fam,652714
550,120,68250,9,9,2008,1983,3210,5632,0,3,6,0,1282,Sawyer,1Fam,579524
551,120,197552,5,2,1901,1985,4140,2238,0,3,7,3,981,NoRidge,1Fam,537725
552,40,172839,7,2,1982,1997,1956,1798,3,1,2,3,207,Veenker,1Fam,386953
553,50,194445,8,3,1933,1997,3754,4702,1,6,8,3,1340,NWAmes,1Fam,240596
554,50,76700,9,3,1969,1953,2975,2193,0,3,12,1,1201,BrkSide,1Fam,248501
555,60,147418,6,2,1886,1969,5691,3681,2,3,11,3,108,Sawyer,1Fam,130129
556,60,151067,3,6,1938,2006,3006,4248,1,6,5,0,549,Mitchel,1Fam,513519
557,20,53926,3,4,1889,1971,542,5004,1,3,2,1,1099,OldTown,1Fam,597132
558,120,202966,4,5,1984,1964,4500,2025,1,7,11,0,126,Sawyer,TwnhsE,429400
559,120,208776,1,3,1927,1987,5827,3638,0,1,12,0,108,BrkSide,1Fam,449839
560,80,24908,7,1,1908,1961,5394,1029,3,6,13,1,859,Mitchel,Duplex,303065
561,50,165042,4,1,1968,1958,615,4470,0,7,8,2,477,Crawfor,1Fam,728671
562,120,97081,8,1,2003,1997,6101,572,1,6,7,3,626,NoRidge,1Fam,674051
563,40,145476,1,8,1918,1957,2120,4031,1,7,11,0,1064,NoRidge,1Fam,327614
564,50,119912,4,3,1971,2003,5095,1443,2,5,10,1,772,Sawyer,1Fam,578610
565,160,48990,4,3,1967,1964,3850,2789,2,4,11,2,1008,OldTown,1Fam,286234
566,160,21830,1,6,1939,1956,5945,739,1,6,5,0,178,BrkSide,1Fam,124036
567,70,111072,9,1,1983,1994,2086,3989,2,7,12,2,3,OldTown,1Fam,244273
568,30,180418,6,6,1889,1960,3713,2893,0,4,2,2,356,Mitchel,1Fam,635837
569,30,177286,9,5,1993,1971,4170,3856,0,5,3,2,286,OldTown,1Fam,381901
570,160,60087,9,8,1927,1971,943,2178,3,0,9,0,459,NWAmes,1Fam,658054
571,40,185348,1,2,1878,1980,4737,369,2,7,8,0,1104,OldTown,1Fam,267297
572,80,77451,9,1,2008,1978,876,3417,2,6,8,3,215,NoRidge,1Fam,366122
573,50,121415,1,7,1978,1961,5062,4042,3,1,12,3,178,Crawfor,TwnhsE,87604
574,60,70698,9,4,1984,1964,771,3862,3,2,12,1,284,Veenker,TwnhsE,597249
575,160,113149,7,1,1892,1961,1095,1725,2,1,10,2,462,Crawfor,1Fam,259664
576,70,114561,9,6,1975,1953,3023,4137,3,2,3,2,279,Sawyer,1Fam,100494
577,60,150565,5,5,1968,1989,1112,3209,2,7,3,2,260,Sawyer,1Fam,192519
578,60,102253,2,9,1996,1978,468,1449,0,3,3,2,821,Veenker,1Fam,514120
579,40,114316,2,9,1923,1956,319,924,2,3,9,2,158,Somerst,1Fam,622058
580,70,140652,2,5,1999,1969,1749,2060,3,6,10,0,218,Sawyer,1Fam,722468
581,70,90660,9,2,1969,1990,2999,456,3,2,11,0,1186,OldTown,1Fam,204550
582,20,113492,6,7,1907,1967,269,4135,2,7,3,3,25,NWAmes,1Fam,460101
583,60,19574,3,2,1901,1974,840,414,3,6,5,2,86,Somerst,Duplex,365333
584,80,187394,2,8,1996,1994,3737,591,0,2,6,0,98,NoRidge,1Fam,550038
585,20,28267,1,6,1961,1990,1946,1173,0,5,9,0,760,Sawyer,1Fam,519338
586,160,188064,3,4,1888,1992,4630,2064,1,3,2,0,985,CollgCr,1Fam,85458
587,120,163957,8,9,1889,1972,5135,439,0,2,12,2,982,BrkSide,1Fam,142358
588,80,204047,9,5,1986,1979,185,3677,3,7,2,2,978,BrkSide,Duplex,459805
589,20,6576,7,4,1895,2000,5796,1036,0,3,8,0,81,Crawfor,1Fam,417476
590,70,47761,10,2,1902,2002,4176,4597,2,0,13,0,488,Somerst,TwnhsE,672704
591,120,12490,4,6,1956,1953,5022,3302,3,3,4,0,898,BrkSide,1Fam,644959
592,20,90640,4,3,1991,2000,2920,776,0,4,10,1,967,Mitchel,1Fam,76994
593,90,194843,7,2,1918,2003,3,2458,0,1,8,0,473,NoRidge,1Fam,455496
594,120,165240,2,2,1963,2006,5408,1078,2,5,11,1,1200,CollgCr,1Fam,327698
595,20,151916,10,6,1969,1966,3470,5539,3,1,9,0,1181,Mitchel,2fmCon,382266
596,40,182810,8,9,1954,1980,226,3479,0,0,12,3,1085,Crawfor,1Fam,81564
597,90,2201,1,3,1966,1952,1018,4626,0,4,6,3,1131,BrkSide,1Fam,638976
598,160,169816,2,2,1903,1956,1258,2321,3,1,3,1,1382,BrkSide,1Fam,153878
599,90,68060,7,6,1957,1983,2295,1113,2,6,10,3,1125,NoRidge,1Fam,717016
600,70,149120,8,2,1872,1962,2702,1580,2,0,13,2,830,Crawfor,TwnhsE,705541
601,80,164608,3,1,1972,1963,2614,2546,1,3,7,0,565,Crawfor,1Fam,626091
602,70,148012,8,6,1981,1967,5304,4423,1,0,11,1,513,Mitchel,1Fam,119608
603,70,90643,5,5,1981,1977,5761,2621,1,3,12,0,1166,NWAmes,1Fam,328995
604,90,132146,7,1,1876,1959,4147,5263,0,7,9,2,419,Veenker,1Fam,52069
605,20,101596,5,3,1997,1998,3872,2256,1,5,11,3,893,Sawyer,TwnhsE,475380
606,40,135725,5,2,1931,1990,5279,1572,3,4,8,2,712,OldTown,1Fam,657224
607,20,99457,4,7,1883,1997,1635,2964,2,1,11,0,536,Veenker,TwnhsE,414134
608,90,85606,2,6,1945,2005,3410,923,3,2,6,0,639,NoRidge,1Fam,51526
609,90,44545,2,7,1950,1986,3927,3889,1,3,8,1,114,OldTown,1Fam,253312
610,20,84192,2,1,1927,1971,1744,869,3,4,2,0,1006,Somerst,1Fam,157482
611,30,155638,9,8,1975,2008,5815,3735,1,1,4,0,94,Somerst,1Fam,348374
612,40,187485,5,2,1947,1983,1439,2364,2,7,8,1,104,CollgCr,1Fam,302646
613,40,23337,4,9,1901,1977,361,2229,2,5,10,2,356,Mitchel,1Fam,632055
614,70,40408,9,8,1957,1974,1975,3576,3,2,2,0,753,NWAmes,1Fam,194122
615,60,109823,9,5,1908,1952,4985,4076,3,0,2,3,424,OldTown,1Fam,251275
616,50,151613,3,8,1888,2007,2288,5264,0,4,2,1,1248,Mitchel,1Fam,205968
617,30,37661,4,7,1908,1999,1325,1870,3,3,8,0,1315,Somerst,Duplex,675470
618,80,70806,5,7,1996,1991,5329,4643,2,5,6,0,557,Crawfor,Duplex,246990
619,90,11255,9,1,1950,1963,935,4768,2,4,2,3,1417,OldTown,1Fam,748828
620,80,12551,7,1,1915,2005,970,5619,0,5,11,2,126,NWAmes,1Fam,514694
621,120,31946,6,9,1922,1960,5492,5452,1,6,8,3,203,OldTown,1Fam,255803
622,160,157303,3,8,1990,1964,1963,4529,3,4,2,3,492,NWAmes,1Fam,462688
623,120,187289,4,6,1963,1954,11,1898,3,5,10,3,1336,Sawyer,1Fam,123283
624,80,108026,1,3,1978,1967,2648,4020,0,2,12,3,714,BrkSide,1Fam,685732
625,20,38985,8,4,1956,1969,4528,4499,1,7,7,3,1001,BrkSide,1Fam,724161
626,50,198436,10,4,2008,1997,4625,1881,3,3,13,3,925,NoRidge,1Fam,246389
627,60,60855,8,4,1962,1969,532,4651,3,5,7,3,707,CollgCr,2fmCon,158084
628,90,34395,4,6,1927,2007,1718,4059,1,7,2,1,1321,CollgCr,1Fam,343444
629,120,30844,5,7,1906,1968,3775,2938,3,2,3,2,1353,OldTown,Twnhs,590431
630,80,76837,10,4,1878,1981,4033,4908,3,0,2,3,635,BrkSide,1Fam,486273
631,50,158666,5,8,1977,1985,3793,799,0,1,5,3,1012,NWAmes,1Fam,63065
632,90,86259,9,1,2000,1999,2064,3964,0,1,6,0,884,OldTown,1Fam,40899
633,80,96601,6,8,1963,1995,5271,4507,0,0,7,0,841,CollgCr,2fmCon,204530
634,90,74100,5,7,1939,2002,476,548,0,4,7,0,143,Somerst,1Fam,578147
635,70,203185,6,5,1890,2006,5026,2496,2,2,12,2,297,NWAmes,1Fam,222237
636,80,147553,3,4,1960,1957,5742,3078,1,0,2,1,1403,Veenker,1Fam,678967
637,50,143428,5,4,1899,1955,4186,1438,2,1,12,2,346,OldTown,1Fam,248938
638,50,94926,4,4,1957,1976,2624,5001,0,2,4,0,924,NoRidge,1Fam,677647
639,40,114988,8,9,1913,1959,2325,3660,2,2,13,0,1292,Veenker,1Fam,696890
640,40,190639,7,1,1991,1979,2662,1794,2,7,3,3,854,NWAmes,1Fam,559018
641,80,141782,4,6,2001,1985,1016,2653,3,5,3,1,304,Mitchel,1Fam,161140
642,50,175403,9,9,1904,1966,1356,928,1,5,3,0,1219,Somerst,TwnhsE,86671
643,30,9948,5,5,1917,1955,3884,798,2,5,5,0,45,Somerst,1Fam,159937
644,20,185202,10,6,1999,2007,3361,4296,1,6,13,1,1025,NWAmes,1Fam,490616
645,120,204689,7,6,1874,1972,3036,5555,1,2,7,1,377,Mitchel,1Fam,532975
646,60,144236,9,5,1943,2000,2901,1803,2,0,3,3,907,BrkSide,1Fam,744531
647,70,205923,10,6,1891,1987,476,1632,2,4,9,0,681,BrkSide,1Fam,720663
648,160,122764,4,9,1931,1989,5301,3964,3,0,8,2,806,Mitchel,TwnhsE,256595
649,30,60378,3,7,1876,1996,5838,3046,0,1,10,1,541,Veenker,TwnhsE,315223
650,160,131013,9,8,1891,1965,1498,1074,0,6,10,1,750,Crawfor,1Fam,591027
651,90,135720,3,5,1927,1963,1921,3875,2,4,11,1,1326,OldTown,2fmCon,591629
652,80,32240,8,7,1880,2009,3851,1447,2,5,3,1,1171,Crawfor,1Fam,260782
653,60,44498,2,8,1982,1990,13,944,3,4,7,2,593,OldTown,TwnhsE,57248
654,90,63643,9,2,1951,1967,623,2798,2,4,9,2,1334,NWAmes,1Fam,104389
655,40,118428,7,8,1934,1988,5509,4258,0,2,8,0,1260,Mitchel,1Fam,628308
656,50,32962,6,7,1937,1973,1054,3100,1,1,13,0,889,Veenker,1Fam,285880
657,160,166206,5,4,1987,2001,3525,3775,3,2,13,0,843,Somerst,1Fam,555818
658,40,24720,7,7,1988,1980,5391,1597,3,6,11,3,50,NWAmes,1Fam,611651
659,90,202370,4,2,1878,1968,4479,2954,3,7,4,1,743,Veenker,1Fam,680552
660,160,145884,4,7,1966,1991,1661,4118,1,0,8,2,301,BrkSide,1Fam,389276
661,70,73873,3,6,1936,1995,932,3138,0,4,11,1,227,Veenker,1Fam,493930
662,40,81002,2,8,1980,1972,4386,1605,0,3,5,1,1217,Mitchel,1Fam,175743
663,120,149671,9,6,1980,1995,2472,5402,3,4,10,0,384,Somerst,1Fam,712756
664,120,20295,8,5,1969,1964,5911,691,1,1,4,1,872,OldTown,1Fam,670895
665,70,154575,5,5,1965,1964,3941,5169,3,0,3,3,1229,Crawfor,1Fam,315636
666,30,119434,9,5,1901,1999,67,4179,0,1,4,3,847,NoRidge,1Fam,299357
667,60,48613,7,9,1989,1987,1533,928,1,1,13,1,1105,BrkSide,1Fam,562395
668,60,193270,6,8,1968,1952,4548,1688,3,0,13,2,1099,NoRidge,TwnhsE,333111
669,30,135878,2,1,1909,1990,4286,2291,0,2,12,1,634,NWAmes,1Fam,557378
670,60,36314,6,5,1904,1968,4532,5416,0,5,5,3,1307,NoRidge,1Fam,99939
671,30,141524,2,3,1941,1966,1427,3077,1,7,11,2,1288,CollgCr,1Fam,228324
672,80,89281,7,2,1919,1975,1523,1703,0,5,4,3,478,Somerst,Duplex,596847
673,60,164770,1,8,1965,1977,1277,5217,2,1,3,3,1161,NoRidge,Duplex,697809
674,90,106585,6,8,1928,2003,4251,960,0,2,5,1,259,Crawfor,1Fam,53634
675,60,215233,4,9,1895,1976,71,4668,0,2,3,1,158,BrkSide,1Fam,595985
676,90,199696,2,4,1926,1967,4975,4743,2,1,9,2,751,OldTown,1Fam,84782
677,90,9907,5,4,1984,1996,1722,2385,1,7,10,0,859,Crawfor,1Fam,658759
678,30,89223,3,8,1986,1982,2981,562,2,5,2,3,827,Somerst,1Fam,217320
679,60,44582,3,2,1914,1950,1507,5038,3,3,3,2,1132,OldTown,1Fam,296001
680,90,97628,9,1,1981,1987,2598,5469,3,3,7,0,554,CollgCr,1Fam,551250
681,70,32338,4,4,1884,1980,4670,2341,2,2,3,1,1146,CollgCr,TwnhsE,640687
682,40,115903,5,6,2007,1984,1212,1319,3,3,11,3,1279,Somerst,1Fam,333410
683,120,34340,1,5,1977,1961,3480,1773,2,5,6,1,129,Sawyer,1Fam,261714
684,30,134618,4,2,1877,1978,349,1058,0,7,6,2,636,Sawyer,1Fam,740589
685,160,98484,4,5,1969,1988,1086,3571,3,3,2,3,318,Mitchel,1Fam,729365
686,90,213751,8,9,1940,1990,4181,3086,2,1,10,1,930,OldTown,1Fam,412247
687,50,189258,2,3,1993,1990,3471,2223,0,7,10,3,585,Mitchel,TwnhsE,52144
688,30,129713,10,4,1905,2009,3735,3787,2,2,11,1,399,Sawyer,1Fam,732681
689,160,97302,2,3,1995,1980,1377,3637,0,0,8,2,356,Somerst,1Fam,480776
690,70,154457,7,3,1992,1975,1259,393,2,4,5,3,503,BrkSide,1Fam,433013
691,120,144318,1,6,1910,1982,2599,2508,2,6,2,0,154,NoRidge,1Fam,115723
692,120,31109,9,4,1931,1969,788,4917,0,2,5,2,148,Sawyer,Duplex,750172
693,20,81850,7,6,1960,1968,5426,4557,1,2,8,2,891,OldTown,TwnhsE,552459
694,80,213571,9,1,1905,1991,1637,4871,0,2,3,2,1336,OldTown,1Fam,191673
695,50,69690,10,6,2009,1968,4394,5399,0,6,2,3,719,CollgCr,TwnhsE,296791
696,160,4135,9,1,1898,1994,958,659,0,7,4,1,1315,BrkSide,1Fam,282405
697,40,179780,7,4,1905,1994,3978,1768,3,6,2,3,219,Veenker,1Fam,661848
698,20,200876,9,8,1941,2007,1245,2772,1,1,2,2,1380,Sawyer,1Fam,377380
699,80,141551,1,4,1937,1957,1719,3041,0,6,7,0,831,Veenker,1Fam,663333
700,70,137153,7,7,1878,1971,2517,4507,2,2,10,2,1054,BrkSide,1Fam,530270
701,70,76372,10,4,1997,1996,761,4179,2,6,7,0,87,NWAmes,2fmCon,299961
702,40,78189,4,9,1905,1975,761,4082,0,7,3,3,856,NoRidge,2fmCon,327065
703,60,196880,10,9,1886,1989,4600,1175,2,5,6,0,543,BrkSide,1Fam,618167
704,160,184877,6,9,1943,1994,2111,3930,0,7,2,1,1274,NoRidge,2fmCon,394589
705,90,107954,5,4,2000,2003,3469,4558,2,1,9,3,1123,CollgCr,1Fam,525386
706,160,68288,4,3,1872,1963,3950,4326,3,5,4,0,1225,CollgCr,1Fam,123371
707,50,41580,2,6,1939,1965,3805,3428,1,0,6,1,1262,BrkSide,1Fam,342070
708,120,3632,9,8,1997,1978,3833,802,2,5,12,2,1021,NoRidge,1Fam,450338
709,50,104682,8,5,1995,1980,5957,1128,0,2,9,1,347,BrkSide,1Fam,282064
710,160,119795,5,7,1895,2004,3854,4278,1,7,11,2,401,CollgCr,1Fam,645418
711,120,145648,10,8,1957,1952,2128,4942,3,3,6,1,1218,CollgCr,1Fam,186340
712,30,173546,2,7,1987,1964,1739,4715,0,6,13,1,853,Sawyer,1Fam,646599
713,160,79841,8,4,1964,2004,4892,2598,3,2,10,1,1264,Veenker,1Fam,80416
714,80,36986,5,3,1962,1986,2576,3451,0,0,8,2,1127,NWAmes,1Fam,342541
715,90,181823,7,4,1978,1990,3415,1271,1,5,8,3,860,NoRidge,1Fam,407450
716,70,164424,1,6,1934,1964,4979,3475,0,1,9,0,216,Somerst,1Fam,217511
717,40,115363,7,8,1881,1987,1437,1371,0,5,3,1,1392,Veenker,1Fam,423783
718,160,9680,7,3,1960,1972,1358,4554,1,3,5,0,344,Crawfor,TwnhsE,683682
719,30,101375,10,2,1958,1993,323,4503,2,7,10,0,349,OldTown,Twnhs,354637
720,120,133793,4,3,1989,1955,442,605,2,2,7,3,207,Somerst,1Fam,423071
721,40,185017,1,6,1999,1967,3763,5300,1,3,11,2,97,Somerst,TwnhsE,719425
722,90,110023,1,3,1918,1988,3076,4559,1,5,8,3,531,Sawyer,1Fam,700062
723,60,100338,2,4,2003,1986,1818,2341,0,6,2,2,1196,Mitchel,Duplex,44758
724,40,82594,3,3,1873,2000,1292,2728,2,1,9,2,1227,BrkSide,1Fam,557718
725,40,89960,9,9,2005,1998,4249,752,0,5,9,2,696,OldTown,1Fam,647204
726,50,4802,2,5,1890,1950,521,5304,3,3,6,2,446,Mitchel,1Fam,713567
727,160,23489,2,7,1961,1955,4281,869,0,7,11,3,491,Crawfor,1Fam,611571
728,90,163097,1,5,1966,1971,5528,5230,2,5,6,1,1302,NoRidge,1Fam,94459
729,80,78853,4,1,1959,2007,2782,3807,1,6,3,0,78,BrkSide,1Fam,581277
730,80,183327,7,3,2008,1978,3023,5210,3,2,3,1,81,NoRidge,1Fam,643016
731,60,86246,3,8,1948,2003,3277,2301,1,2,12,0,91,NWAmes,TwnhsE,412891
732,160,214572,5,5,1890,1953,581,5088,3,6,6,0,1259,Veenker,1Fam,49951
733,40,39943,3,7,1955,2007,3828,2595,3,0,6,0,128,NoRidge,1Fam,171974
734,160,41535,9,7,1912,1953,2231,2192,1,4,5,0,1335,Sawyer,1Fam,232956
735,50,127061,1,6,1956,1998,2863,2123,1,7,10,2,260,Somerst,TwnhsE,656259
736,50,173026,3,6,1924,2002,140,5387,1,7,9,2,777,BrkSide,1Fam,125487
737,60,32074,6,3,1877,1967,5360,2805,1,5,12,3,1376,Crawfor,1Fam,571082
738,90,108885,9,3,1959,1968,2036,2874,1,3,12,1,164,OldTown,1Fam,163935
739,90,49157,5,2,1884,1984,463,3749,0,6,13,1,399,Sawyer,1Fam,634614
740,90,159015,1,3,1917,1993,4778,3284,1,0,5,1,1031,Sawyer,1Fam,43054
741,20,121342,6,6,1957,1957,5986,3206,3,6,9,3,1158,Mitchel,1Fam,204690
742,30,141272,3,9,1993,1964,3176,2346,3,1,6,3,1286,NWAmes,1Fam,108084
743,120,58847,4,4,1915,1995,204,1205,0,5,10,2,27,BrkSide,1Fam,434105
744,160,63100,10,6,1913,1998,6059,5613,2,2,10,2,1101,BrkSide,1Fam,597320
745,30,138153,10,8,1913,1959,1271,2941,0,6,5,3,456,Sawyer,1Fam,334432
746,160,76806,3,7,1951,2003,1468,5494,2,4,12,0,790,CollgCr,Duplex,419123
747,40,149031,6,3,1898,2002,4327,2778,2,7,5,1,1284,Somerst,1Fam,495527
748,160,34242,6,3,1944,2002,2027,3515,3,6,13,0,1279,OldTown,1Fam,362532
749,160,65759,10,6,1982,1964,519,3230,2,7,12,0,262,OldTown,1Fam,576852
750,80,23053,10,3,1883,1990,4171,5460,3,1,2,1,667,Veenker,1Fam,239271
751,30,19996,4,3,2005,1959,1601,921,3,3,6,3,402,Somerst,1Fam,159992
752,90,57445,1,6,1945,1961,5264,3080,2,3,6,1,871,Veenker,TwnhsE,169827
753,30,106015,1,6,1958,1954,940,1148,1,0,11,3,1171,CollgCr,1Fam,160224
754,50,32198,1,3,1957,1979,5536,4941,1,0,10,2,450,Veenker,1Fam,62091
755,80,21175,8,1,2002,1992,4421,3148,1,0,2,2,172,Sawyer,1Fam,66301
756,20,188990,8,7,1963,1961,1462,5233,1,6,12,0,91,Crawfor,1Fam,72864
757,50,111532,9,4,1993,1961,3537,1796,1,3,4,3,75,Mitchel,1Fam,148088
758,90,154393,2,6,1911,1966,5733,1198,1,6,6,0,519,Crawfor,1Fam,491534
759,20,156670,1,2,1902,1961,393,3672,2,6,4,1,1369,BrkSide,1Fam,207848
760,50,23036,2,3,1960,1999,5009,1107,1,0,3,3,356,BrkSide,1Fam,455838
761,20,134016,7,6,1893,1960,2811,2312,1,6,8,2,573,NWAmes,1Fam,87120
762,80,185437,1,2,1887,1966,5799,1999,2,1,3,1,957,BrkSide,2fmCon,611341
763,20,97204,7,3,1901,1968,1273,1505,1,3,2,1,932,Veenker,1Fam,291033
764,40,185724,9,7,1909,1962,4395,1027,0,7,11,1,382,Sawyer,1Fam,352594
765,70,203661,2,7,1885,2006,5912,3818,0,2,6,1,180,Mitchel,1Fam,521087
766,40,118202,8,4,1972,1962,2100,4358,3,7,9,0,221,Mitchel,1Fam,753240
767,40,23068,6,2,1952,1979,659,2424,3,4,13,0,312,Veenker,1Fam,605991
768,120,133403,10,1,1899,1983,2395,1825,2,0,2,0,122,BrkSide,1Fam,323904
769,90,189571,3,6,1911,1965,3654,1170,0,6,11,0,652,Veenker,1Fam,283922
770,20,125241,3,7,2000,1978,3849,3927,2,0,3,1,915,BrkSide,1Fam,278719
771,120,172483,1,6,1997,1960,2944,4627,1,5,11,0,957,OldTown,1Fam,95262
772,60,115837,8,4,1888,1978,5698,3242,1,3,5,2,1288,OldTown,1Fam,278156
773,30,91100,9,1,1956,1951,3532,2625,3,1,3,2,415,CollgCr,1Fam,581724
774,160,203601,1,3,1916,1976,3914,3775,3,4,4,0,928,OldTown,1Fam,233807
775,50,34005,5,1,1921,1971,5844,5191,2,2,6,3,1254,Sawyer,1Fam,316591
776,50,97063,8,5,1954,1971,5738,5587,2,0,10,2,40,NoRidge,1Fam,84712
777,30,34646,8,3,2007,1956,2085,1360,2,4,10,1,1107,Mitchel,1Fam,215953
778,120,141373,10,1,1952,2009,1748,2864,3,0,10,0,125,Veenker,1Fam,84368
779,40,198515,8,6,2003,1951,4574,4985,2,4,2,1,782,Mitchel,1Fam,373844
780,70,214771,10,4,1985,1958,3208,3693,2,1,13,3,1177,NWAmes,TwnhsE,248751
781,40,51299,10,9,1979,1956,2734,4664,0,6,7,0,651,Crawfor,1Fam,733299
782,120,156968,10,4,1981,2008,4266,5619,3,7,3,0,793,OldTown,1Fam,459571
783,90,188312,5,1,1981,1969,4037,885,3,7,13,1,878,CollgCr,2fmCon,303237
784,70,179669,5,7,1907,1975,5583,3584,1,7,11,3,819,NWAmes,1Fam,422001
785,50,108977,5,7,2006,1995,2234,3156,1,0,2,1,1037,Somerst,1Fam,725802
786,80,38629,10,9,1998,1953,4607,1845,3,4,7,2,1218,Crawfor,1Fam,164887
787,60,100085,3,7,1954,1954,1387,3803,3,1,12,2,191,NoRidge,1Fam,217207
788,160,167324,8,4,1970,1960,5725,885,1,0,10,0,589,Crawfor,1Fam,427602
789,80,133841,7,7,1993,1990,510,2964,0,3,4,3,1209,NWAmes,1Fam,110902
790,20,84368,1,8,1893,2008,4584,2535,3,3,10,0,540,NWAmes,1Fam,409137
791,120,47306,5,5,1880,1987,621,2405,2,2,4,2,693,Somerst,1Fam,148084
792,30,140762,2,8,2009,2002,5377,3594,3,0,6,2,1052,Veenker,1Fam,657150
793,50,92947,8,9,1948,2002,5862,5343,2,3,4,2,1326,Crawfor,1Fam,592100
794,60,102300,5,7,1971,1966,4997,5362,2,1,10,3,356,BrkSide,1Fam,69923
795,40,202084,4,5,1941,1961,4817,4053,0,0,13,2,1354,Mitchel,1Fam,422035
796,160,3252,1,5,1943,1959,2921,2091,2,3,2,2,1006,Mitchel,1Fam,186098
797,160,52273,2,8,1877,1997,1496,5460,1,0,9,0,43,NoRidge,1Fam,453942
798,30,198091,8,8,1911,1990,6022,5633,0,7,4,1,1221,Sawyer,1Fam,427164
799,50,198468,9,3,1883,2001,3233,4825,3,6,11,1,545,Crawfor,TwnhsE,731746
800,50,66019,3,1,1931,1980,4988,4968,1,7,3,1,400,OldTown,1Fam,162781
801,80,214006,9,8,1875,2008,4363,4671,0,0,6,0,746,OldTown,1Fam,398433
802,70,46566,6,3,1982,2003,4284,4368,3,3,4,0,817,Crawfor,2fmCon,730157
803,80,12405,4,9,1912,1998,2154,4185,3,6,12,1,765,CollgCr,1Fam,119166
804,20,67005,5,1,1974,1998,2607,3722,1,4,2,2,78,Crawfor,1Fam,217763
805,70,114985,7,9,1879,1957,2688,3763,1,2,8,3,1166,Crawfor,1Fam,552302
806,40,2587,10,7,1876,1994,3681,2402,0,6,3,3,484,OldTown,Duplex,112747
807,40,38059,5,3,1930,2006,4389,5041,2,2,9,1,200,Somerst,1Fam,184573
808,90,170509,4,1,1980,1967,1214,3702,2,7,11,3,802,Mitchel,1Fam,724145
809,30,134312,8,8,1984,1998,1389,3589,2,0,11,1,882,Mitchel,1Fam,453665
810,20,130798,6,2,1947,1971,295,4271,3,5,2,1,146,Sawyer,1Fam,75314
811,60,213007,4,1,1956,1962,3215,733,1,0,11,0,1336,Sawyer,1Fam,650138
812,90,50163,5,8,1967,1993,4086,5211,2,7,5,2,851,CollgCr,TwnhsE,411885
813,70,193183,6,7,1964,1959,1283,3426,2,2,10,1,1413,BrkSide,1Fam,378446
814,30,77293,2,2,1974,1978,4349,5346,3,0,13,1,950,NoRidge,1Fam,749534
815,90,199166,1,4,1876,2006,18,879,2,6,3,3,14,OldTown,1Fam,261216
816,50,168855,7,6,1931,1959,5294,1574,0,7,6,2,295,Sawyer,Duplex,307575
817,90,46945,2,6,1987,1959,4217,5372,2,7,12,1,1379,Somerst,1Fam,449351
818,40,46097,6,4,1932,2006,4174,4011,3,3,3,2,793,NWAmes,1Fam,208912
819,160,117326,8,4,1892,1996,4321,3766,2,0,5,2,173,Mitchel,1Fam,126317
820,40,108861,3,1,1963,1977,2191,2480,2,1,8,2,105,CollgCr,1Fam,134329
821,160,51540,4,1,1913,1974,6083,3283,2,0,13,0,761,CollgCr,1Fam,256376
822,50,57006,10,9,1942,2007,4561,3233,2,0,5,0,842,NoRidge,1Fam,92231
823,90,193727,1,3,1943,1993,1106,1384,1,1,6,0,349,BrkSide,1Fam,397933
824,70,162550,8,9,1968,2004,5635,3341,3,4,11,3,276,NoRidge,1Fam,750367
825,20,42196,2,1,2000,1955,4518,3071,0,6,3,1,859,Mitchel,1Fam,217914
826,20,156461,10,9,1967,1981,1899,1995,3,4,5,1,617,Somerst,TwnhsE,64279
827,60,34238,5,4,2009,1993,5792,2152,0,1,5,3,52,NoRidge,1Fam,63169
828,30,96506,1,8,1874,1952,1517,4409,0,4,6,3,81,Mitchel,1Fam,154646
829,80,3902,8,8,1980,1980,3938,3918,2,1,8,0,337,NWAmes,1Fam,456260
830,30,140198,2,4,1929,1953,4094,2828,2,3,4,3,799,BrkSide,Twnhs,373806
831,70,40226,4,7,1972,2004,5884,3542,3,7,6,2,426,OldTown,1Fam,323838
832,40,51807,6,4,1883,1990,3483,1614,1,1,13,2,21,BrkSide,Duplex,578337
833,30,41898,8,8,1944,1961,6076,2984,0,6,11,0,1298,Somerst,1Fam,316178
834,50,40539,5,9,1876,1981,1737,3315,1,2,13,2,983,NWAmes,1Fam,478572
835,70,17878,9,8,1963,1956,4897,1675,2,5,10,2,827,Veenker,1Fam,752704
836,50,119926,5,7,1901,1998,1499,1233,1,2,8,1,346,Veenker,1Fam,156967
837,50,186948,4,4,1891,1961,6105,3124,1,1,4,2,1004,Sawyer,1Fam,115395
838,50,65808,4,1,1882,1986,4666,5327,3,3,3,0,1341,NWAmes,1Fam,191602
839,50,168176,9,5,1909,1954,3823,2784,2,3,8,2,958,Veenker,1Fam,145921
840,60,117596,7,2,2004,1959,405,5118,2,4,6,0,419,Mitchel,Duplex,632052
841,120,55745,2,5,2007,2008,3037,4852,2,1,11,1,556,Sawyer,1Fam,665896
842,70,14497,8,8,1883,1973,880,4287,1,7,2,1,1317,CollgCr,1Fam,438039
843,60,168874,5,2,2007,1957,5606,5081,2,5,12,0,19,Mitchel,1Fam,128701
844,90,6201,4,9,1953,1991,2316,2517,3,6,4,3,313,BrkSide,1Fam,647920
845,70,91619,1,6,1916,1962,5077,4364,2,6,6,3,151,Sawyer,1Fam,695680
846,160,8628,10,1,2002,1985,5536,1102,1,5,6,1,909,NoRidge,1Fam,328463
847,70,167218,1,7,1905,1998,672,2030,3,1,13,2,650,Sawyer,1Fam,518779
848,40,213068,10,1,1897,1991,4639,3341,0,4,10,1,188,OldTown,Duplex,472972
849,70,70405,1,6,1903,1964,1849,536,0,7,2,0,1334,Mitchel,1Fam,415230
850,90,68395,6,5,1892,1964,664,4395,1,0,12,3,782,OldTown,1Fam,289232
851,40,122104,2,7,1938,1963,1592,5245,2,3,10,1,352,BrkSide,2fmCon,235376
852,40,108698,5,4,1891,1987,3360,892,1,1,2,3,1341,Crawfor,1Fam,233389
853,70,82943,9,2,1902,1990,5225,5599,1,6,11,0,990,CollgCr,1Fam,293756
854,120,79578,6,4,1923,1981,4226,801,1,7,2,0,184,OldTown,1Fam,582124
855,50,41452,6,7,1961,1973,1425,1008,3,0,7,1,1172,CollgCr,1Fam,629669
856,70,54947,2,9,1990,1953,1808,4380,1,6,3,3,83,OldTown,1Fam,116484
857,80,126593,10,2,1882,2000,1857,3973,3,2,2,1,1285,NoRidge,1Fam,76309
858,80,158418,4,4,1959,1989,4497,5302,1,7,8,3,557,OldTown,TwnhsE,379264
859,30,161936,6,8,1886,1988,3169,2590,0,0,10,0,416,NWAmes,TwnhsE,588331
860,50,111795,9,3,2008,1956,146,3372,0,1,7,3,75,CollgCr,1Fam,438834
861,160,162423,7,3,1910,1967,465,1122,0,5,6,1,1320,CollgCr,1Fam,631013
862,120,127958,8,8,1990,1968,462,4006,3,6,8,1,793,NWAmes,TwnhsE,548694
863,90,77526,2,5,1979,1985,5873,5631,1,0,3,2,862,Somerst,1Fam,543266
864,20,76899,5,6,1916,1997,3083,3502,2,1,2,3,1205,CollgCr,1Fam,422676
865,60,112275,6,5,1916,2001,3000,5287,3,2,3,3,720,Sawyer,1Fam,74148
866,20,67121,2,6,1915,1981,4650,2423,0,0,2,0,411,Crawfor,1Fam,164345
867,50,164706,4,3,1936,1971,1163,5549,0,6,11,2,1103,BrkSide,2fmCon,569685
868,120,40921,9,7,1933,1974,192,3182,3,5,9,1,751,Veenker,1Fam,257270
869,50,12959,10,4,1962,1994,1654,1097,2,5,4,2,338,Crawfor,1Fam,555650
870,30,106377,9,5,1936,1969,1273,2258,2,3,8,1,1197,Somerst,1Fam,279213
871,90,16680,10,2,1980,1974,4876,2945,1,5,7,3,1152,Somerst,1Fam,44328
872,90,42288,10,1,1936,1997,5000,689,3,4,3,1,350,NWAmes,1Fam,521916
873,80,81790,2,6,1914,1982,3873,5088,2,5,13,1,921,Veenker,1Fam,677433
874,120,2192,9,2,1917,1978,5560,1603,1,3,13,1,1305,Crawfor,1Fam,356056
875,90,49110,7,9,1972,1994,2838,3917,2,5,11,2,1133,Crawfor,1Fam,130094
876,80,117851,9,9,1891,1967,1468,5217,0,5,11,3,281,Mitchel,Twnhs,333412
877,120,81453,7,3,1911,1953,2026,2640,0,5,8,0,1213,Sawyer,Duplex,726759
878,50,193071,2,3,1915,1997,865,3568,0,6,11,2,79,Mitchel,Duplex,264224
879,60,21358,6,5,1960,1977,5503,3076,3,2,8,0,875,Sawyer,1Fam,85861
880,70,155281,8,2,1889,1969,3691,4390,2,7,3,2,725,Crawfor,1Fam,587786
881,80,127957,2,8,1934,1955,4720,538,0,0,4,2,52,Crawfor,1Fam,206319
882,60,139132,6,1,1965,2005,1720,2242,3,3,12,3,1029,Veenker,1Fam,61748
883,60,145015,7,5,1999,1993,4387,3579,3,3,7,0,422,Crawfor,1Fam,531943
884,30,12501,5,2,1932,1966,2019,818,1,6,10,3,1208,NoRidge,1Fam,278504
885,80,170710,8,8,2007,1986,2725,4897,0,0,3,2,1245,NoRidge,1Fam,133727
886,30,72193,2,2,1955,1977,3982,3688,1,1,7,2,837,OldTown,1Fam,73775
887,60,140476,4,5,1978,1969,5994,348,2,3,3,2,889,Mitchel,1Fam,168095
888,60,64189,10,8,1905,1968,3410,398,2,6,4,2,73,NWAmes,1Fam,142648
889,90,86103,6,4,1998,1954,4338,1183,1,3,3,0,1262,CollgCr,1Fam,42944
890,60,151068,2,2,1907,2008,3633,3858,0,5,4,3,966,Sawyer,1Fam,301845
891,20,201323,2,2,1890,2005,2588,3083,2,1,9,1,545,Veenker,1Fam,630048
892,70,189136,6,6,1882,2002,5697,2894,2,7,2,0,121,CollgCr,Duplex,319896
893,40,156695,10,2,1962,1968,5868,3311,1,6,4,2,715,Mitchel,1Fam,61988
894,50,116517,1,4,1958,2009,1896,2959,2,0,10,3,1277,NWAmes,2fmCon,669802
895,40,114194,2,6,1899,1966,5472,2156,2,5,3,2,1223,Crawfor,1Fam,490415
896,30,207888,4,4,1993,1999,2756,372,2,1,8,0,139,Veenker,2fmCon,729310
897,160,45554,3,8,1910,1956,4521,482,0,4,12,3,1080,BrkSide,1Fam,454219
898,40,205420,2,7,1956,1968,3159,3991,1,5,11,3,116,BrkSide,TwnhsE,378431
899,70,140144,3,2,1944,1984,4686,4281,1,7,3,1,535,OldTown,Duplex,403044
900,120,133117,7,8,1953,2008,5325,1606,3,0,3,2,634,Crawfor,1Fam,39566
901,50,127895,9,9,1974,1965,2588,1623,3,2,10,3,32,Somerst,1Fam,305051
902,160,175125,4,2,1999,1975,4281,2498,3,5,6,0,194,NWAmes,1Fam,353095
903,60,147495,8,4,1971,2000,3099,3755,1,2,7,1,1248,Mitchel,1Fam,250615
904,160,21588,9,4,1997,1978,4882,3484,1,5,7,1,892,Veenker,Duplex,637704
905,60,168417,1,4,1991,1990,1170,3301,1,1,8,0,1115,BrkSide,Duplex,723997
906,20,157208,9,5,1921,1975,4454,528,3,1,7,0,810,Sawyer,1Fam,379241
907,120,197070,2,9,1949,1950,3637,2620,2,4,2,2,636,Veenker,1Fam,600436
908,120,201653,7,6,1899,1966,2758,4329,2,5,3,1,25,OldTown,1Fam,195573
909,160,204345,8,9,1999,1983,2260,3467,1,1,2,0,774,BrkSide,1Fam,699359
910,30,10451,9,4,2005,1951,4287,4617,2,6,5,1,1092,Somerst,1Fam,541338
911,120,136125,5,5,1994,1963,2122,4023,3,6,11,0,289,CollgCr,1Fam,563379
912,50,201213,7,1,1974,2007,201,5109,2,0,13,2,696,NWAmes,Duplex,463199
913,120,207961,1,3,1989,1950,5793,3371,1,2,7,1,584,Sawyer,1Fam,631869
914,160,118820,5,6,1981,1964,2736,3355,3,4,2,2,1235,Crawfor,1Fam,419511
915,30,196294,10,2,1903,1987,1006,3293,3,3,2,3,231,Veenker,1Fam,729202
916,50,189666,2,9,1908,1983,1378,1738,3,2,11,1,149,Crawfor,1Fam,511915
917,40,1859,2,3,1945,1962,5071,2648,3,4,6,3,298,BrkSide,1Fam,361569
918,50,190638,8,2,1930,1953,2026,1229,1,7,12,0,221,Somerst,1Fam,184962
919,70,137715,6,8,1973,2003,1719,2616,1,2,8,3,1200,CollgCr,1Fam,687956
920,60,124045,5,1,1973,1983,2977,1128,0,1,12,1,369,Somerst,Duplex,75301
921,80,39482,3,3,2006,1984,175,2940,1,5,3,1,513,BrkSide,1Fam,65917
922,80,197846,2,2,1980,1953,3423,5398,2,4,12,3,364,Veenker,1Fam,57164
923,40,64454,8,7,1873,1962,247,2733,2,5,8,1,1155,Somerst,1Fam,112578
924,20,90690,4,8,1918,1954,5105,4254,0,5,7,2,941,Crawfor,1Fam,212793
925,90,64948,8,2,1917,2008,2622,2664,3,6,8,3,671,CollgCr,1Fam,388018
926,30,208750,5,4,1959,1996,1333,5142,0,5,5,1,1132,Mitchel,1Fam,234068
927,30,104663,4,5,1919,1982,2776,1450,0,4,9,1,100,OldTown,1Fam,361806
928,80,25694,3,7,2007,1990,1072,4762,2,3,11,1,962,NWAmes,2fmCon,357415
929,40,3624,7,4,1911,1959,1956,4181,0,3,11,1,512,Veenker,1Fam,350457
930,30,211002,3,5,1932,2009,798,5051,3,2,13,1,537,Veenker,1Fam,77754
931,50,51747,10,5,1984,1981,4086,1039,0,3,6,0,224,Somerst,1Fam,421731
932,70,166192,5,1,1922,1980,5964,5083,0,4,11,3,137,NoRidge,1Fam,250657
933,120,7530,9,6,1878,2007,2965,5157,3,5,12,2,983,NoRidge,1Fam,422582
934,160,193164,5,6,1917,1955,602,1904,1,6,2,3,1205,Mitchel,1Fam,78526
935,90,140483,5,9,1921,1975,452,3650,2,3,7,2,1292,OldTown,TwnhsE,661793
936,120,49383,5,5,1956,1955,5084,3447,2,5,10,1,345,Somerst,1Fam,555008
937,70,191558,5,9,1970,1975,2126,593,0,3,7,1,1082,BrkSide,1Fam,283991
938,60,65016,5,4,1947,1966,1809,3122,2,2,3,3,157,Veenker,1Fam,293859
939,120,214771,9,7,1928,1977,622,3831,2,1,9,0,1103,Mitchel,1Fam,262625
940,50,129564,8,9,1941,1992,4055,1422,0,2,6,1,802,Somerst,1Fam,748657
941,120,97266,1,2,1891,1966,384,2252,3,5,9,2,1222,OldTown,1Fam,540334
942,160,13819,1,6,1896,1953,5524,3441,3,1,2,2,95,Somerst,Duplex,366300
943,50,56955,1,9,1956,1959,1272,5269,3,0,2,2,1101,Sawyer,1Fam,501868
944,80,13772,7,6,1991,1992,421,655,0,2,9,0,662,BrkSide,1Fam,81307
945,90,183817,3,9,1944,1984,4280,5302,0,7,13,0,806,NWAmes,1Fam,632472
946,90,22731,4,4,1880,2008,2164,4666,3,1,9,2,764,NoRidge,1Fam,463934
947,40,25509,9,8,2007,2003,4252,4824,1,1,13,1,1012,NoRidge,1Fam,257611
948,160,27933,2,6,1916,1959,243,586,2,3,12,1,849,Somerst,1Fam,534027
949,70,209733,2,5,1975,1994,5263,3348,1,3,5,3,589,Mitchel,1Fam,39504
950,20,208946,1,2,1995,1955,1892,2290,0,7,3,2,617,CollgCr,1Fam,387959
951,30,154235,3,2,2008,1955,4621,5212,2,1,8,2,100,Crawfor,1Fam,714720
952,90,17078,1,3,1888,1997,5716,4266,0,3,9,0,1026,BrkSide,1Fam,581898
953,60,109114,7,7,1897,1974,3271,3783,0,2,11,2,1000,Mitchel,1Fam,66746
954,30,204207,8,5,1961,2009,2041,481,2,1,8,3,803,Sawyer,1Fam,459689
955,70,21977,2,4,1977,1950,1910,4979,0,2,13,2,1023,Crawfor,1Fam,524577
956,70,171083,6,5,1987,1980,4193,2933,0,2,12,3,381,Sawyer,1Fam,414001
957,20,5192,4,4,1948,1968,35,1183,3,5,9,3,317,BrkSide,1Fam,266651
958,50,173299,1,8,1893,2009,897,4973,2,6,8,3,1311,NoRidge,1Fam,523796
959,60,117799,5,4,1970,1990,3954,5133,2,1,2,1,1352,NWAmes,1Fam,339886
960,90,191261,7,5,1964,1996,156,2969,0,3,11,1,1209,Sawyer,1Fam,718160
961,80,89841,3,6,1936,1967,1770,3845,0,2,10,1,74,NWAmes,1Fam,638367
962,20,169316,8,6,1959,2003,3957,3574,1,6,12,3,778,Sawyer,1Fam,689759
963,80,181583,10,4,1901,2000,1528,1943,1,0,3,1,1043,Veenker,1Fam,337039
964,160,70811,1,1,1983,1997,5686,4306,1,3,3,3,52,Veenker,Duplex,522737
965,20,138718,2,7,1878,1978,5956,5630,0,2,10,3,1373,CollgCr,1Fam,138861
966,160,99906,3,6,1987,2005,205,5292,3,2,7,2,1116,NoRidge,1Fam,576762
967,20,93702,9,6,1987,1990,1064,3979,1,7,9,0,438,OldTown,Duplex,578168
968,80,172399,2,5,1966,1953,5544,2246,3,4,7,2,718,Sawyer,1Fam,593277
969,50,49653,5,5,1984,2003,198,5155,1,3,9,0,1293,Somerst,1Fam,49454
970,90,26898,6,9,1997,1951,2973,5256,1,6,9,2,1210,Mitchel,1Fam,363212
971,120,104083,2,1,1894,1990,5800,363,0,6,4,0,1171,Sawyer,1Fam,232735
972,120,177087,1,1,1947,1964,3596,2130,2,1,11,0,1395,Somerst,1Fam,693829
973,120,36171,2,9,1961,2003,1869,3265,0,3,7,2,1055,Somerst,1Fam,422366
974,120,74087,1,8,2002,1993,38,3401,2,3,8,1,1326,CollgCr,1Fam,475228
975,50,144004,6,4,1973,1998,2403,4116,3,3,9,2,1352,Crawfor,1Fam,350133
976,60,103320,10,5,1954,1991,3310,3060,1,2,10,1,27,NWAmes,2fmCon,116911
977,90,130892,4,5,1948,1984,494,406,3,6,5,1,927,NWAmes,1Fam,481526
978,30,114266,3,9,1891,2001,3227,1213,2,7,2,0,473,Mitchel,Duplex,474787
979,70,174610,3,5,1915,1967,2468,4381,0,0,4,1,701,OldTown,1Fam,309508
980,70,188556,10,7,1931,1981,1990,4014,0,6,13,3,237,NWAmes,2fmCon,488215
981,160,97474,10,4,1993,1967,5940,3791,2,6,4,3,958,CollgCr,1Fam,316160
982,20,93641,7,4,1990,1956,5460,2674,2,2,4,1,1183,BrkSide,2fmCon,510317
983,20,60915,5,7,1960,2002,4240,1792,0,3,12,0,583,NWAmes,Duplex,285968
984,20,96236,2,4,1886,1979,3610,1969,2,0,4,3,990,Crawfor,1Fam,591772
985,70,180242,10,1,1971,1953,2895,3990,3,2,7,2,460,Crawfor,1Fam,673823
986,70,108626,1,2,1935,1999,429,3010,0,1,6,0,1062,Sawyer,1Fam,383682
987,70,149135,2,8,1961,2006,1878,1028,3,7,9,0,116,Crawfor,1Fam,47355
988,40,90816,7,4,1931,1989,63,2454,2,0,9,0,1247,CollgCr,1Fam,526104
989,50,152496,2,1,1971,1969,2236,4707,2,2,8,3,536,CollgCr,1Fam,711536
990,60,153721,2,9,1902,2001,2893,3513,0,3,8,3,715,Crawfor,1Fam,545993
991,20,114281,6,9,1892,1994,3734,4931,2,7,12,1,1138,NWAmes,1Fam,292855
992,90,201231,1,5,1902,1967,2168,3033,1,6,8,0,42,Mitchel,Duplex,441200
993,20,188711,3,6,1999,1969,1554,2910,1,7,8,2,1340,OldTown,1Fam,297652
994,80,35192,7,7,1882,2009,4338,5373,3,2,12,1,871,Crawfor,2fmCon,592445
995,60,50033,2,1,1911,2007,928,3027,0,2,3,0,1382,Crawfor,1Fam,557615
996,160,205574,8,3,1919,1990,766,1051,0,4,12,1,781,Mitchel,1Fam,485040
997,80,87240,1,6,1987,1952,4253,2468,1,2,4,1,292,OldTown,1Fam,314498
998,60,67707,7,5,1921,1963,3579,3771,2,0,5,0,825,Somerst,2fmCon,159123
999,90,171649,1,3,1995,1971,5312,2167,0,6,2,2,810,OldTown,1Fam,478945
1000,30,130126,8,1,2008,1982,4514,2511,3,0,8,1,1305,CollgCr,1Fam,277751
1001,30,29746,8,9,1961,2002,5508,4967,2,1,11,2,816,Mitchel,1Fam,685604
1002,60,20936,8,6,1919,2000,4059,2643,3,7,6,2,576,Mitchel,1Fam,80332
1003,120,174190,3,7,1954,1966,5141,1952,1,5,9,3,249,CollgCr,1Fam,644247
1004,120,164938,3,4,1964,1956,1033,906,0,5,6,3,462,NoRidge,1Fam,596286
1005,50,76735,10,5,1887,1966,3241,2472,0,1,11,2,824,Crawfor,1Fam,406015
1006,40,185817,8,5,1986,1964,5771,4403,2,2,13,3,523,Mitchel,2fmCon,750079
1007,160,28150,2,4,1932,2003,4819,1925,2,1,10,2,514,Veenker,1Fam,550961
1008,70,187225,1,7,1988,1950,2462,2832,2,5,6,0,20,Crawfor,1Fam,64968
1009,30,18233,4,9,1956,1999,5660,3819,3,4,11,3,1336,Sawyer,1Fam,317492
1010,40,137384,7,7,1990,1989,1909,5259,3,2,2,3,1186,Veenker,Twnhs,640078
1011,120,181661,4,7,1883,1956,142,4655,2,5,13,1,361,BrkSide,1Fam,593729
1012,120,133796,9,1,1877,1991,4867,1853,0,6,12,1,194,Somerst,1Fam,150460
1013,160,167880,6,5,1887,1984,2517,1206,2,5,9,3,1183,CollgCr,1Fam,157449
1014,20,74857,10,9,1992,1950,209,3894,3,0,9,1,1186,Mitchel,Duplex,700285
1015,120,62925,9,4,2009,1963,1247,1686,3,4,5,1,1271,Somerst,1Fam,67759
1016,30,58194,5,5,2009,1970,439,2417,3,1,7,2,776,Crawfor,1Fam,718729
1017,120,26195,9,3,1917,1962,6090,886,0,2,3,1,1043,Crawfor,1Fam,424281
1018,120,60633,5,2,1908,1984,5179,4444,1,7,6,1,1034,OldTown,1Fam,616330
1019,50,54194,1,7,1920,1986,5679,1184,2,3,9,3,304,CollgCr,1Fam,189965
1020,30,163192,4,3,1984,1960,1112,2354,0,6,6,0,742,Sawyer,1Fam,282649
1021,90,46867,5,6,1906,1957,4901,2493,1,1,11,0,369,NoRidge,1Fam,559655
1022,20,36805,10,6,1947,1989,3444,559,0,7,12,1,1068,NoRidge,1Fam,151755
1023,70,158133,9,8,1961,1978,1807,4452,0,2,8,0,1377,Veenker,1Fam,107863
1024,50,116370,2,9,1921,1965,4086,3617,0,1,6,1,108,BrkSide,1Fam,473491
1025,60,47418,1,5,1937,1965,5817,3208,3,2,5,0,107,Crawfor,1Fam,41017
1026,120,152322,6,1,1963,1952,2813,1278,3,1,8,2,374,BrkSide,1Fam,711026
1027,160,47533,6,6,1981,2001,178,616,1,4,10,2,166,NoRidge,1Fam,521473
1028,60,169370,8,8,1898,2000,5147,629,0,1,3,1,12,CollgCr,1Fam,548841
1029,40,8203,3,5,1942,1983,1148,3651,1,1,7,2,1387,Mitchel,1Fam,395525
1030,120,127556,9,6,1893,1970,1115,4303,1,5,7,0,825,Somerst,1Fam,484079
1031,60,128995,5,7,1874,1962,3769,4555,0,0,5,0,1101,Mitchel,Duplex,720446
1032,30,81066,4,4,1961,1968,4881,4582,2,3,4,1,802,Sawyer,1Fam,38374
1033,160,148703,5,4,1938,2005,4845,2422,3,5,12,0,1058,Somerst,1Fam,213114
1034,160,82540,10,5,1907,1955,5303,341,3,3,7,3,972,OldTown,2fmCon,536853
1035,40,141111,4,8,1879,1999,5398,1634,3,0,8,1,227,NoRidge,1Fam,123656
1036,30,49128,6,5,2002,1968,783,4511,3,1,2,1,213,Veenker,1Fam,211528
1037,30,122948,9,3,1986,1965,1836,4388,0,7,5,1,693,Mitchel,1Fam,51538
1038,70,163098,1,6,2001,1998,4399,3028,2,6,4,1,526,Somerst,1Fam,74606
1039,50,207986,6,7,1887,2007,2387,460,2,2,5,0,1192,Mitchel,1Fam,354802
1040,80,78382,8,9,1873,2009,4374,4456,0,6,12,3,434,OldTown,1Fam,510179
1041,90,102440,10,9,1901,1966,2778,4663,0,0,8,0,466,Sawyer,1Fam,107498
1042,20,103210,1,8,1885,1985,2758,1538,2,0,12,1,750,CollgCr,1Fam,742503
1043,120,185321,8,7,1935,1967,164,4603,2,7,7,3,273,CollgCr,1Fam,593440
1044,20,207235,9,5,1961,1961,3716,3729,0,5,11,1,1217,Crawfor,1Fam,512136
1045,30,139510,4,4,1898,1973,5278,5047,1,4,3,2,15,Somerst,Twnhs,86736
1046,90,177194,8,6,1926,1953,5002,3659,0,2,11,0,1201,CollgCr,1Fam,408525
1047,80,19306,5,7,1946,1959,2064,808,0,6,9,1,882,Veenker,1Fam,697935
1048,160,163743,7,5,1915,1985,4134,3768,2,4,2,3,1259,Mitchel,1Fam,206247
1049,70,174614,4,2,1935,1991,1217,905,2,3,10,1,416,NoRidge,1Fam,424368
1050,60,154249,2,1,1953,1966,3870,1707,3,3,7,1,1276,BrkSide,1Fam,441144
1051,80,126327,9,1,2003,1983,2500,4966,3,2,2,0,1224,Somerst,1Fam,536357
1052,90,193760,3,4,1914,1995,5662,5472,0,4,12,2,647,BrkSide,1Fam,696296
1053,80,141118,2,8,1884,2003,4341,2856,1,5,8,1,402,OldTown,1Fam,129173
1054,50,182380,9,8,1991,1984,447,1879,3,6,9,3,279,Mitchel,1Fam,80186
1055,160,39858,10,8,1951,1964,5321,2416,0,3,8,1,214,Sawyer,1Fam,99352
1056,50,143656,7,7,1937,1992,4424,1619,3,2,3,3,826,BrkSide,1Fam,227301
1057,50,94898,6,1,1971,1960,1315,3377,3,4,5,3,1361,Mitchel,1Fam,289587
1058,40,187070,4,8,2007,1958,1726,2569,0,4,10,3,802,BrkSide,1Fam,667420
1059,40,189696,7,9,1889,1971,1054,644,0,2,6,2,1368,Crawfor,1Fam,409664
1060,40,181866,7,8,1990,1969,1895,3572,2,0,12,2,1071,Crawfor,1Fam,571328
1061,70,47390,6,5,1959,1958,5766,3750,1,2,5,1,971,OldTown,1Fam,449318
1062,90,106625,7,2,1952,1953,5512,3874,3,0,7,0,1028,OldTown,TwnhsE,720796
1063,60,1326,6,9,1991,2006,3365,5350,2,0,7,0,1316,Crawfor,1Fam,272380
1064,160,210887,9,2,1913,1990,2213,4071,2,7,2,1,1216,OldTown,1Fam,516669
1065,60,56392,7,8,1980,1993,2234,3920,0,6,11,2,229,Somerst,1Fam,231244
1066,60,134894,4,9,1950,1953,5846,1457,1,0,3,0,829,Somerst,1Fam,202935
1067,20,105607,7,9,2001,1997,1217,2799,0,2,7,3,652,BrkSide,1Fam,741613
1068,160,194839,3,5,1936,1971,4628,2640,0,2,12,3,1246,Veenker,1Fam,52182
1069,30,177008,3,8,1971,1994,6080,5434,0,7,13,0,289,Mitchel,1Fam,231243
1070,30,167520,9,8,1940,1979,5225,2851,3,3,4,0,1162,Crawfor,1Fam,312911
1071,160,138928,6,9,1926,1964,4394,3988,0,2,6,3,678,Somerst,1Fam,134219
1072,70,26841,1,4,1923,1965,5497,3203,2,5,8,0,1321,Veenker,Twnhs,590739
1073,20,197929,4,6,1999,1958,1331,636,2,3,10,0,1121,Veenker,1Fam,293746
1074,60,14699,10,8,1987,1999,6010,5300,0,1,5,0,489,NWAmes,1Fam,365364
1075,70,98765,7,3,1903,1975,557,3890,3,2,8,2,1198,CollgCr,1Fam,253717
1076,20,82475,9,3,1991,1996,84,1556,2,1,12,0,265,Mitchel,1Fam,677152
1077,90,84912,6,4,1952,1999,1217,650,0,5,11,0,5,Sawyer,1Fam,338591
1078,80,210374,1,4,1886,1960,3720,5306,0,7,11,1,718,Sawyer,1Fam,601851
1079,20,50810,2,7,1977,1969,1513,1964,2,6,12,2,552,Veenker,1Fam,484036
1080,80,125379,1,9,1894,1957,3870,424,2,3,12,3,178,Sawyer,1Fam,723143
1081,40,47953,8,2,1992,1950,678,3602,1,3,8,0,1409,NoRidge,1Fam,469226
1082,90,196321,8,3,1934,2009,4259,420,1,0,13,1,55,Veenker,1Fam,744782
1083,50,158787,5,9,1998,1989,1403,1478,0,2,7,2,835,Somerst,1Fam,537738
1084,40,90053,8,6,1938,1977,3198,5076,0,0,10,1,370,Mitchel,1Fam,77337
1085,70,18492,6,2,1883,1962,713,536,2,5,13,2,420,NoRidge,1Fam,147728
1086,60,33968,8,6,1977,1985,5928,4326,1,7,2,0,299,Mitchel,1Fam,603531
1087,50,53227,7,8,1972,1982,2307,3614,1,1,13,2,551,CollgCr,1Fam,67984
1088,120,88223,5,4,1913,1963,3694,1957,1,5,11,3,946,Crawfor,1Fam,171731
1089,80,190832,7,5,1900,1950,2970,1851,2,4,13,2,457,Veenker,1Fam,604362
1090,60,26882,4,6,1991,1978,3637,2854,1,3,11,2,1023,Sawyer,Twnhs,290393
1091,40,124729,8,8,1979,1980,2781,3162,1,5,3,0,634,Mitchel,1Fam,191271
1092,70,75607,10,6,1913,1997,446,5059,1,5,5,3,1113,Somerst,1Fam,177372
1093,20,11267,3,9,1968,1973,5066,1720,2,2,2,2,630,Mitchel,1Fam,262210
1094,120,133802,7,7,1905,1955,3925,3466,0,6,9,2,518,BrkSide,1Fam,638249
1095,20,151971,2,4,1897,2002,1551,3977,3,5,7,0,718,OldTown,1Fam,363034
1096,80,206575,4,5,1963,1974,513,401,2,2,7,2,973,NWAmes,1Fam,721795
1097,50,109702,7,7,1986,1993,5420,5088,0,5,10,2,658,NoRidge,1Fam,550712
1098,90,70917,3,1,1998,1952,2031,5599,3,5,11,2,1284,NoRidge,1Fam,228090
1099,50,184120,3,3,1935,1952,5548,793,3,0,2,0,731,Sawyer,Duplex,152697
1100,20,54220,4,3,1891,1951,4679,1724,0,1,13,0,419,Sawyer,1Fam,714534
1101,160,147303,2,8,1947,1997,5864,4507,0,2,6,1,39,Crawfor,1Fam,684719
1102,90,203133,7,8,1965,1964,4031,4629,0,0,11,2,556,NoRidge,1Fam,123264
1103,20,2251,2,8,2006,1997,1105,1162,0,3,8,1,77,NoRidge,1Fam,266431
1104,20,199237,4,1,1887,2006,216,5203,2,3,7,2,50,OldTown,1Fam,569998
1105,70,45316,4,3,1962,1989,1501,2082,0,6,4,3,526,Sawyer,1Fam,742515
1106,160,104330,10,3,1942,2009,2683,1892,1,1,4,3,411,BrkSide,1Fam,685642
1107,70,56490,10,1,1953,2005,3811,2230,3,4,10,2,1254,BrkSide,1Fam,240425
1108,20,32215,1,3,1884,1993,5473,3898,2,5,5,2,1035,NoRidge,TwnhsE,680693
1109,80,151539,2,4,1874,1998,860,1429,2,3,4,0,1121,NoRidge,1Fam,557442
1110,60,104461,8,8,1955,1986,3879,3215,0,7,2,0,773,BrkSide,TwnhsE,368074
1111,80,110265,3,2,1899,1963,523,733,3,2,12,2,156,NoRidge,1Fam,306139
1112,50,104764,7,8,1956,1956,2941,1113,0,3,6,3,1206,Crawfor,1Fam,620464
1113,20,161212,10,8,1875,1972,450,4413,2,0,6,0,701,BrkSide,1Fam,637326
1114,20,207992,2,2,1982,1978,2284,2370,2,3,6,2,608,Mitchel,1Fam,693184
1115,80,111025,10,3,1917,1970,3703,4546,1,0,9,1,857,CollgCr,1Fam,367878
1116,80,34588,1,5,1934,1956,4514,4249,3,7,7,0,232,BrkSide,1Fam,226927
1117,50,71342,3,9,1919,1980,4916,5625,3,1,8,1,682,Crawfor,1Fam,661770
1118,20,107423,6,8,1929,1979,3204,1064,0,6,5,1,858,NoRidge,1Fam,252971
1119,90,23477,9,9,1945,2007,1581,5294,3,0,5,3,989,Somerst,TwnhsE,577811
1120,30,50316,6,3,1961,2007,5578,5068,0,2,12,3,709,Crawfor,1Fam,401642
1121,30,44649,2,9,1967,1986,5703,2641,3,0,7,3,1414,BrkSide,1Fam,456899
1122,60,209459,3,9,2008,2001,5911,1052,3,2,13,0,1404,NWAmes,1Fam,185859
1123,90,87044,8,6,1896,1968,4838,1042,2,4,12,3,136,Somerst,1Fam,214917
1124,160,189367,6,2,1992,2008,4752,3045,3,3,10,2,117,Crawfor,1Fam,504927
1125,80,119280,1,3,1955,2006,473,390,3,4,8,0,731,Mitchel,1Fam,222030
1126,160,109575,6,2,1914,1957,3498,841,2,6,12,2,1173,Crawfor,1Fam,516692
1127,80,202116,5,8,1998,1992,2488,3155,0,0,2,0,726,Sawyer,1Fam,748823
1128,120,149339,1,3,1969,1977,1582,3323,1,3,7,1,307,OldTown,1Fam,94250
1129,30,52586,3,7,1897,1965,415,4901,3,4,10,3,797,Veenker,1Fam,701271
1130,20,61557,10,3,1896,1974,1303,5506,0,4,3,3,1337,Somerst,1Fam,158451
1131,80,143805,8,9,1962,2004,5591,1756,3,1,4,1,236,OldTown,1Fam,134575
1132,160,1779,1,7,1972,2005,5552,2087,0,1,2,0,631,Somerst,Duplex,635547
1133,90,33936,1,4,1878,1970,4538,1389,2,3,7,2,905,Veenker,TwnhsE,181846
1134,50,17201,4,5,1958,1977,620,1526,2,5,8,0,557,Veenker,1Fam,501182
1135,60,154003,5,1,1945,1980,4194,2663,0,7,7,3,62,OldTown,1Fam,111817
1136,30,95723,5,2,2005,1994,774,5605,1,2,2,1,949,Somerst,1Fam,97284
1137,50,3726,7,9,1974,1978,4171,5076,0,4,7,0,1050,Somerst,1Fam,179883
1138,80,159973,2,8,1997,1973,205,5180,1,2,12,0,929,Crawfor,1Fam,409834
1139,30,141630,1,8,1876,2005,1742,2731,3,0,2,1,940,Crawfor,1Fam,243900
1140,60,155048,7,6,1977,1972,748,3822,0,3,11,2,931,Mitchel,1Fam,195735
1141,40,36219,9,2,1918,1965,5703,4170,3,2,5,3,468,Somerst,1Fam,638075
1142,60,188489,2,1,1948,1969,3475,1624,2,1,2,2,23,Mitchel,1Fam,160207
1143,90,39879,4,7,1993,1969,5638,2789,2,5,2,2,1402,BrkSide,1Fam,103440
1144,120,123434,7,3,1992,1983,124,3254,1,2,2,1,289,Veenker,1Fam,114313
1145,60,120875,2,1,1903,1989,4518,2313,3,1,6,3,1175,Mitchel,1Fam,670115
1146,120,48094,9,1,1905,1958,2931,2845,1,3,7,3,766,Crawfor,1Fam,377474
1147,90,81617,3,6,1971,2003,2865,2674,2,7,9,2,765,CollgCr,1Fam,734786
1148,160,12467,6,8,1993,1965,5335,658,0,5,2,3,29,Mitchel,TwnhsE,616190
1149,90,102133,4,4,1956,1956,287,4412,3,3,9,1,1404,CollgCr,1Fam,237781
1150,70,146164,7,9,1879,1990,5768,5113,2,6,10,1,749,NoRidge,1Fam,604234
1151,80,67385,2,4,1894,1962,172,4338,0,0,2,3,1177,NWAmes,1Fam,363433
1152,50,116352,1,7,1975,1995,2216,5289,2,2,10,1,1102,NoRidge,1Fam,438224
1153,80,205289,6,3,1974,2006,844,2625,0,4,3,3,195,NWAmes,1Fam,416069
1154,90,51494,9,6,1995,1991,3196,630,1,3,7,3,1343,Crawfor,1Fam,580973
1155,80,63484,7,3,1945,1996,3640,1754,2,5,9,3,838,Mitchel,1Fam,183016
1156,30,26972,8,8,1931,1979,3923,4867,3,5,12,1,262,BrkSide,1Fam,77701
1157,70,117268,5,5,1887,1970,4876,1072,1,3,8,1,823,Crawfor,1Fam,561708
1158,90,44910,2,1,1979,1986,4588,3238,0,7,7,1,873,Somerst,TwnhsE,721785
1159,30,184085,5,3,2003,1971,5795,341,1,7,12,2,925,OldTown,1Fam,452557
1160,90,63545,10,4,1878,2002,2747,2052,3,3,4,2,455,NoRidge,1Fam,119505
1161,120,143398,8,5,1939,1978,1071,935,3,7,4,1,1333,NoRidge,1Fam,115678
1162,70,41781,8,3,1921,1979,951,935,0,5,7,0,335,NWAmes,1Fam,427115
1163,160,70356,4,6,1974,1990,1683,1207,0,1,3,1,697,CollgCr,1Fam,680096
1164,120,37926,6,9,1977,1961,3683,3191,3,0,2,3,1189,Crawfor,Duplex,476899
1165,60,119491,7,7,1902,1983,330,3996,2,0,6,3,109,Mitchel,1Fam,252508
1166,120,7241,7,3,2003,1995,5834,1863,2,1,3,0,572,Crawfor,1Fam,481952
1167,160,19055,9,7,1890,1996,6043,4675,0,2,9,3,679,Somerst,1Fam,147413
1168,30,108577,7,9,1979,1963,1006,2414,1,0,8,0,1095,NWAmes,1Fam,379958
1169,160,118046,3,3,1974,1953,4771,4245,3,4,7,2,1117,Sawyer,1Fam,741933
1170,20,71841,3,3,1894,1961,3643,3145,0,3,7,0,1130,NWAmes,1Fam,488132
1171,60,93593,7,1,1964,1999,2937,4172,0,4,3,3,508,Somerst,1Fam,109004
1172,160,90405,9,8,1909,1965,4488,5528,1,4,6,3,697,OldTown,1Fam,179947
1173,90,163456,10,8,1909,1953,3516,5611,2,2,2,1,38,Crawfor,1Fam,77887
1174,40,96816,7,4,1883,1985,1977,3450,3,4,6,2,1166,Mitchel,1Fam,324364
1175,80,182704,6,8,1974,2002,3434,5443,2,7,10,3,429,BrkSide,1Fam,205961
1176,40,47731,9,6,1983,1963,829,4057,1,2,13,0,662,Veenker,1Fam,740316
1177,40,44006,10,9,1941,1952,1554,1761,1,2,5,2,967,Crawfor,1Fam,264802
1178,160,87675,1,9,1979,1958,5944,5298,0,4,5,1,1101,Crawfor,1Fam,60009
1179,20,18744,4,9,1920,1957,1132,1104,1,6,10,2,121,Sawyer,1Fam,347281
1180,160,144868,4,4,1949,1962,3655,2819,0,4,13,2,1087,NoRidge,1Fam,565839
1181,60,84857,6,6,1980,1960,1814,1147,0,6,5,2,533,NoRidge,1Fam,528291
1182,20,79689,3,2,1931,1988,2839,4497,2,0,12,2,592,BrkSide,1Fam,738379
1183,90,115578,4,9,1957,1963,1510,5087,1,0,5,2,188,Sawyer,1Fam,298250
1184,20,18865,1,3,1892,1982,3475,4680,2,3,9,0,1016,CollgCr,1Fam,411435
1185,50,81914,1,5,1942,1974,3406,877,0,1,4,3,674,BrkSide,1Fam,437676
1186,40,209301,5,6,1989,1989,3773,1771,2,0,5,0,147,OldTown,1Fam,52263
1187,90,135777,10,8,1978,1989,1883,2139,0,1,13,1,200,BrkSide,1Fam,39084
1188,50,124099,3,7,1913,1985,3536,947,2,2,6,2,1023,CollgCr,1Fam,608079
1189,80,109481,3,9,1947,2003,4453,3149,2,7,2,3,154,CollgCr,1Fam,312066
1190,20,101580,3,7,1957,1961,4398,514,1,6,11,2,739,NoRidge,1Fam,530538
1191,80,201686,10,8,2001,1981,3470,3590,0,2,3,0,989,BrkSide,2fmCon,715371
1192,90,200344,7,6,1986,1973,1827,3384,3,7,3,1,1293,Mitchel,1Fam,211026
1193,40,88887,7,4,1984,1981,3252,3496,0,6,12,0,224,OldTown,1Fam,592867
1194,120,199141,2,9,1975,1958,3280,5179,0,2,6,2,419,Crawfor,TwnhsE,188788
1195,60,18949,10,4,1921,1969,5812,4508,1,3,3,2,219,NoRidge,1Fam,568350
1196,80,69701,2,6,1924,2006,2303,1712,3,7,13,2,1247,BrkSide,Twnhs,150052
1197,30,65897,10,3,1936,1998,1969,3368,1,3,5,3,840,Mitchel,1Fam,254181
1198,160,150475,10,5,1930,1975,4581,4593,1,2,9,2,1394,OldTown,1Fam,373567
1199,40,130927,6,4,2004,1956,3881,4851,2,7,5,3,61,NWAmes,1Fam,386435
1200,80,102412,9,3,1992,1988,2609,3748,1,5,8,3,1000,Veenker,1Fam,56777
1201,20,56075,10,8,1995,1968,0,783,2,3,10,1,46,Sawyer,1Fam,643041
1202,20,109742,6,7,1955,1969,4307,2640,1,6,11,1,154,Sawyer,1Fam,39256
1203,30,58848,8,7,1898,1955,4502,4893,2,5,6,0,611,OldTown,1Fam,668700
1204,160,107733,6,1,1891,1967,5684,726,1,2,9,1,520,Mitchel,1Fam,183364
1205,40,73949,6,3,1909,1962,3070,3465,1,3,12,2,517,Mitchel,1Fam,546562
1206,120,191416,4,2,1961,1952,3147,3203,1,0,12,2,96,Crawfor,1Fam,547252
1207,70,160933,7,7,1922,1985,1273,1517,1,0,10,3,772,NWAmes,1Fam,363655
1208,20,38798,3,9,1962,2008,2808,2160,3,7,6,2,483,NoRidge,1Fam,421836
1209,60,202436,2,4,1993,1957,9,5523,1,0,8,3,1408,Veenker,1Fam,87586
1210,60,142243,3,3,1918,1953,3059,3495,3,6,13,2,1119,CollgCr,1Fam,683626
1211,40,76261,1,6,1999,1956,4319,5322,2,1,4,3,616,Mitchel,1Fam,120846
1212,80,114789,10,9,1942,1982,4801,2835,2,4,10,3,1085,BrkSide,1Fam,508931
1213,120,43123,3,4,1982,1999,4049,4823,1,5,11,1,816,OldTown,1Fam,35110
1214,120,11317,8,3,1880,1968,4921,3624,1,7,7,3,702,BrkSide,1Fam,571978
1215,70,91293,5,5,1910,1957,4065,5172,3,2,12,3,1303,NWAmes,1Fam,293559
1216,120,168642,4,9,2000,1955,4764,2068,0,7,7,1,833,BrkSide,Duplex,381719
1217,160,76574,3,7,1994,1986,2672,2362,2,3,12,0,685,OldTown,1Fam,51738
1218,20,83508,9,5,1950,1971,3679,548,3,6,9,0,803,BrkSide,1Fam,192540
1219,80,213110,6,7,1876,1971,3906,1543,2,0,2,3,1107,Somerst,1Fam,348159
1220,90,212517,5,1,1880,1964,3498,1069,0,2,11,1,1051,CollgCr,1Fam,551691
1221,20,100542,7,7,1930,2003,3490,1304,2,4,10,2,777,NoRidge,1Fam,465189
1222,80,10753,9,1,1995,1972,4777,1970,0,5,4,1,250,BrkSide,1Fam,222533
1223,160,146629,7,4,1924,1992,1459,4971,3,6,10,1,903,OldTown,1Fam,463993
1224,40,154209,5,4,1994,1994,1936,2343,1,2,8,1,610,CollgCr,1Fam,195510
1225,120,196800,9,7,1945,1953,3169,4721,1,4,13,2,1322,CollgCr,1Fam,434769
1226,160,204131,9,3,1890,1964,3943,4658,3,4,5,0,1288,NWAmes,1Fam,424046
1227,80,135884,10,3,1949,2003,3144,5540,1,7,5,3,0,Sawyer,1Fam,197765
1228,80,24219,1,8,1922,2002,1218,3033,0,0,2,1,1416,OldTown,1Fam,179160
1229,70,54653,9,5,1903,1974,5032,4836,3,0,11,0,1277,Sawyer,1Fam,408767
1230,60,154630,2,7,1965,1959,3334,2560,2,4,13,0,1286,CollgCr,1Fam,457559
1231,60,131252,7,6,1900,1967,2648,3690,2,0,10,0,705,BrkSide,1Fam,740479
1232,70,94575,7,6,1996,2006,5365,4638,0,1,6,1,383,Veenker,1Fam,391686
1233,60,87279,3,7,1982,1990,2664,1089,1,4,12,2,860,BrkSide,1Fam,355069
1234,120,153103,1,7,1979,1954,986,639,1,2,5,3,1252,Sawyer,1Fam,377508
1235,90,91659,10,9,1882,1993,6014,1209,1,2,10,3,638,Somerst,1Fam,664621
1236,50,34414,9,8,2004,1958,2337,4161,2,2,9,1,1397,Somerst,Duplex,255969
1237,70,210821,2,3,1940,1968,5465,2848,0,5,12,2,369,Mitchel,1Fam,309550
1238,40,76048,7,2,1973,1978,3157,1820,1,2,13,1,1209,Somerst,TwnhsE,300522
1239,30,60903,2,8,1898,1971,1480,4409,3,6,6,0,93,BrkSide,1Fam,483554
1240,50,16129,6,4,1977,1991,2300,414,2,1,3,2,1190,Crawfor,1Fam,538534
1241,20,101626,4,3,1916,1959,5561,1253,1,0,3,2,1340,Crawfor,1Fam,381872
1242,120,212293,8,1,1969,2002,5772,2827,0,1,10,3,996,Sawyer,1Fam,224935
1243,30,35502,6,5,1910,1985,842,5193,0,7,6,0,884,BrkSide,1Fam,530777
1244,50,53652,5,5,2000,1968,6031,4309,1,2,3,2,583,Somerst,1Fam,233229
1245,40,39498,7,8,1969,2007,5214,3963,0,0,11,1,1238,Crawfor,1Fam,681101
1246,40,21421,5,7,1934,1978,3957,4107,0,2,9,1,179,Sawyer,1Fam,484350
1247,50,130412,1,7,1934,1974,1120,1991,3,5,3,0,412,BrkSide,1Fam,352392
1248,90,65096,6,5,1872,1951,3583,2711,3,2,10,0,185,NoRidge,1Fam,202872
1249,120,161976,8,8,1913,2009,2600,5035,2,3,9,1,394,Somerst,1Fam,580303
1250,30,87015,5,9,1980,2000,760,4206,3,0,13,0,742,Mitchel,TwnhsE,473955
1251,40,137467,2,8,1986,1960,6011,3511,1,5,13,1,476,BrkSide,1Fam,670416
1252,60,20425,1,4,2009,2006,3686,774,2,1,13,2,596,NWAmes,1Fam,543781
1253,50,71748,3,3,1883,1997,592,4225,3,0,12,0,327,Mitchel,1Fam,603451
1254,90,89882,8,1,1906,1975,2087,2275,0,5,11,3,500,Sawyer,1Fam,101251
1255,40,14055,4,9,1977,2005,5131,2379,1,7,10,1,706,NWAmes,1Fam,52582
1256,60,91003,10,7,1921,1983,2701,3911,0,4,8,3,303,Mitchel,TwnhsE,509035
1257,70,101910,4,9,1906,1991,3022,2422,3,7,11,2,1327,Sawyer,1Fam,35036
1258,50,87699,5,8,1910,1960,870,3374,3,3,13,3,1272,Mitchel,1Fam,676458
1259,80,109185,8,4,1998,1956,678,400,2,4,3,1,1242,Mitchel,1Fam,670719
1260,90,171864,7,2,1990,1981,5975,1316,2,2,3,0,2,NoRidge,1Fam,456196
1261,70,166177,1,1,1872,1969,5819,3189,1,4,7,0,702,Crawfor,1Fam,560078
1262,60,4316,1,8,1987,2008,582,5417,0,7,5,0,1127,Crawfor,TwnhsE,338731
1263,160,138286,2,3,1948,1955,3355,4372,3,5,8,2,494,CollgCr,1Fam,724850
1264,160,194723,9,4,1988,1995,4161,2550,3,0,5,2,328,OldTown,1Fam,60808
1265,160,187701,1,8,1957,1986,5380,5476,3,4,11,3,867,Somerst,1Fam,245516
1266,20,70479,1,5,1966,2002,3419,1795,1,3,12,3,3,Sawyer,1Fam,537331
1267,120,168815,8,9,1951,2009,5310,5069,0,4,5,3,868,NWAmes,1Fam,602315
1268,120,172664,7,5,1973,2002,738,2475,2,4,11,1,640,CollgCr,1Fam,209337
1269,120,79577,10,8,1984,1972,89,795,0,4,3,1,969,NWAmes,1Fam,612076
1270,90,187249,3,2,1942,1991,2840,347,0,6,11,3,968,Veenker,1Fam,366721
1271,50,136560,7,4,1887,1959,1618,5538,3,6,10,2,759,CollgCr,1Fam,652260
1272,90,161996,2,2,1884,1979,4613,3742,3,7,10,1,827,NWAmes,1Fam,227189
1273,70,161178,6,1,1929,1966,2058,1127,1,4,7,3,37,CollgCr,1Fam,533229
1274,120,168465,2,9,1937,1965,2486,5599,2,2,3,0,1391,Mitchel,1Fam,184391
1275,50,206019,10,5,1991,1984,3268,552,2,1,12,2,107,BrkSide,TwnhsE,134495
1276,90,184740,5,4,1876,1957,5874,2110,0,6,3,3,1384,Crawfor,1Fam,542818
1277,90,91660,3,4,1994,1984,439,4309,0,7,7,2,1380,NWAmes,1Fam,525246
1278,120,121548,10,3,1879,1974,3376,616,1,0,4,2,1018,NoRidge,TwnhsE,246138
1279,30,139996,1,2,1940,1963,2376,5142,3,1,12,0,1058,Veenker,1Fam,470188
1280,120,184554,8,9,1930,1983,219,3932,1,5,8,2,42,Veenker,1Fam,712908
1281,40,85308,6,1,1948,1995,4977,5375,2,1,8,1,1344,CollgCr,1Fam,275177
1282,160,68259,7,4,1877,1986,5584,4778,0,0,5,3,749,Veenker,2fmCon,396208
1283,20,159154,3,2,1977,1955,1058,4712,3,7,11,1,481,Veenker,1Fam,185122
1284,40,205439,9,9,1890,1983,4642,1541,3,0,4,1,949,BrkSide,1Fam,407941
1285,80,196416,5,2,1979,1987,4284,1421,1,1,10,1,758,BrkSide,TwnhsE,672260
1286,70,32954,5,4,1950,1991,4309,1619,0,7,13,2,512,NoRidge,1Fam,492771
1287,80,197963,5,7,1994,1975,2812,1151,3,0,5,3,456,OldTown,1Fam,137115
1288,60,170142,3,6,2007,1955,1956,3860,3,6,10,1,167,Crawfor,1Fam,568158
1289,20,34908,4,4,1988,1957,432,647,2,4,5,0,1288,NWAmes,1Fam,338924
1290,80,2700,2,6,1934,1969,213,2608,1,4,13,3,944,Crawfor,1Fam,47995
1291,70,44965,5,4,1929,1988,1083,3423,2,6,12,2,408,NWAmes,1Fam,483377
1292,70,200146,5,3,1963,1994,3225,3194,1,0,5,1,1025,NoRidge,1Fam,250309
1293,50,162813,4,6,1961,1990,861,2920,2,0,4,3,983,BrkSide,TwnhsE,734690
1294,120,124383,10,4,1981,1968,4195,1518,3,1,2,1,198,BrkSide,1Fam,751604
1295,90,136301,2,9,1938,1976,3786,914,1,3,10,2,248,NoRidge,TwnhsE,518070
1296,30,89728,10,5,1935,1952,2105,5579,0,7,13,3,327,CollgCr,1Fam,489518
1297,20,194943,9,7,1888,1997,533,2801,2,0,3,0,149,NoRidge,1Fam,254442
1298,30,34724,1,3,1895,1971,3161,3491,3,3,11,3,1166,Crawfor,1Fam,85930
1299,20,68436,8,6,1985,1980,5028,3345,0,3,11,3,220,Mitchel,1Fam,78582
1300,90,44215,3,6,2008,1976,2405,2292,3,1,7,1,1150,Somerst,1Fam,368851
1301,80,182729,1,7,1955,1967,4928,4171,1,2,4,1,750,Sawyer,2fmCon,263678
1302,60,116841,9,5,1919,1960,1748,2330,2,1,9,0,165,CollgCr,1Fam,726533
1303,70,147590,2,7,1880,2007,489,2532,2,1,9,0,1197,Somerst,1Fam,245735
1304,120,198006,3,1,1877,1957,3971,4598,0,4,11,3,246,Veenker,1Fam,189469
1305,120,43116,1,7,1965,2006,5426,2023,0,7,8,1,1416,Somerst,1Fam,624719
1306,60,207634,2,7,1960,1956,5398,4046,3,3,2,2,19,NWAmes,1Fam,636684
1307,70,28362,1,5,1911,1955,5860,3867,2,5,4,0,882,BrkSide,1Fam,306078
1308,70,162676,9,1,1898,2004,658,496,2,5,6,1,444,Somerst,Duplex,93781
1309,160,151644,1,6,1881,2006,265,3965,1,6,7,3,756,Veenker,1Fam,105792
1310,90,177894,8,8,1966,2003,3479,4587,0,6,6,2,1190,Sawyer,1Fam,410027
1311,50,35202,2,5,1955,1996,5806,1769,1,7,12,0,1115,Mitchel,1Fam,661370
1312,120,206667,10,1,1917,1979,6097,5187,2,6,5,0,399,Mitchel,Duplex,313364
1313,50,171242,9,4,1973,1956,1707,439,2,7,10,3,90,NWAmes,1Fam,47900
1314,90,24969,7,9,1988,1985,2292,1287,1,7,6,0,402,Crawfor,1Fam,304913
1315,160,120487,9,3,1943,1981,4061,5353,0,5,13,0,1147,Sawyer,1Fam,37067
1316,120,176151,3,5,1908,1994,5582,4875,0,3,12,1,730,CollgCr,1Fam,339841
1317,30,103323,8,4,1872,1952,1068,4343,3,2,11,3,1075,Veenker,1Fam,376769
1318,40,82793,3,7,1981,1954,5961,3539,2,4,11,2,701,Sawyer,TwnhsE,561222
1319,90,60248,7,4,1951,1985,4994,1401,3,6,9,0,750,Mitchel,1Fam,84745
1320,30,111682,10,4,1919,2001,416,2930,0,6,9,3,91,BrkSide,1Fam,381061
1321,20,211788,8,6,1872,2005,5144,3336,1,4,8,3,32,Sawyer,1Fam,162431
1322,40,131275,3,6,1984,1984,3920,809,1,0,2,2,997,Sawyer,1Fam,370768
1323,60,155804,8,5,1999,1972,5977,3491,1,2,13,0,286,OldTown,1Fam,744403
1324,30,168097,9,3,1938,1978,1279,807,1,4,13,0,511,NWAmes,1Fam,568576
1325,30,167762,9,1,1908,1980,6064,1002,0,3,8,3,524,NWAmes,1Fam,642927
1326,50,86974,8,7,1957,1987,290,1236,0,3,12,3,897,NWAmes,1Fam,62704
1327,70,165761,8,4,1992,1963,463,1351,3,2,6,3,1334,Crawfor,1Fam,585083
1328,70,71483,8,6,1953,1973,2735,769,1,0,3,1,1074,BrkSide,1Fam,658484
1329,90,126247,8,4,1873,1982,4020,5412,0,3,12,2,905,Veenker,1Fam,517938
1330,160,66008,2,8,1898,2001,1019,4594,1,3,8,0,1183,Mitchel,1Fam,598058
1331,20,202343,9,7,1885,1998,1668,3030,3,6,13,0,723,NoRidge,1Fam,69331
1332,80,157512,2,4,1928,1995,2382,2290,1,0,4,0,206,OldTown,1Fam,566868
1333,30,126205,6,3,1934,1962,767,1350,3,3,7,2,692,Crawfor,TwnhsE,636837
1334,50,97897,4,7,1945,1974,1075,5371,0,6,10,1,1386,Crawfor,1Fam,201076
1335,50,112561,3,1,1976,1983,909,4567,0,2,3,2,1106,BrkSide,1Fam,374202
1336,90,168156,3,1,1887,2008,5829,4325,2,2,13,1,495,Mitchel,1Fam,339261
1337,40,59858,1,1,2002,1971,5721,2831,2,0,9,2,458,OldTown,1Fam,105700
1338,120,178545,5,4,1908,2005,3840,479,3,4,4,3,1301,BrkSide,1Fam,127260
1339,50,61575,5,5,1943,1994,4177,3722,1,6,10,2,134,BrkSide,1Fam,251470
1340,120,31598,5,3,1901,1988,837,2921,0,3,12,3,1322,NoRidge,1Fam,113558
1341,160,158952,1,2,1921,1992,308,1913,2,3,6,3,960,Veenker,1Fam,396367
1342,70,152847,7,3,1986,1997,2303,2006,1,5,9,2,1145,Sawyer,Duplex,75116
1343,30,72921,2,5,1878,1991,6013,641,0,3,10,3,466,NoRidge,1Fam,44761
1344,90,140101,9,3,1938,1990,2919,4960,0,3,3,0,919,OldTown,1Fam,488021
1345,60,157204,1,6,1952,1972,4935,1209,2,6,8,2,461,OldTown,1Fam,216667
1346,50,169853,1,4,1950,1975,2259,4650,2,2,8,0,24,Mitchel,1Fam,307137
1347,60,205126,4,9,1924,1985,1889,5498,0,6,5,0,644,Veenker,TwnhsE,276798
1348,40,184085,5,9,1924,2000,4962,578,2,2,5,0,1389,Mitchel,1Fam,372717
1349,40,95287,10,6,1997,1989,2876,3644,3,4,9,0,344,Veenker,1Fam,368876
1350,160,50558,6,5,1905,2009,4472,688,3,2,11,1,229,NoRidge,1Fam,130821
1351,40,22122,4,1,1938,1990,4439,4745,1,5,6,2,1306,NoRidge,1Fam,36326
1352,60,124062,9,6,1922,1974,4442,3026,0,3,3,3,1290,Somerst,1Fam,354030
1353,90,143904,3,4,1977,1984,4130,448,2,1,11,3,1201,Veenker,1Fam,442075
1354,40,149110,9,3,1983,1987,4945,4433,2,5,4,0,1384,BrkSide,TwnhsE,588294
1355,80,3337,5,8,1989,2002,2829,4397,3,7,2,1,1405,CollgCr,1Fam,177216
1356,120,151351,4,1,1883,1965,1852,5243,2,0,5,1,1302,Sawyer,1Fam,95227
1357,120,169675,4,3,1885,1964,3130,2908,2,4,11,0,1367,NoRidge,TwnhsE,464980
1358,20,155716,1,7,1923,1962,1983,5286,2,5,11,0,1055,Mitchel,Duplex,684675
1359,60,113760,7,9,1932,1953,263,3865,2,5,5,1,445,BrkSide,1Fam,207112
1360,20,4546,6,5,1880,1990,2210,3125,1,1,8,3,649,NWAmes,1Fam,96646
1361,80,106075,7,5,1995,2007,3058,2235,1,0,13,1,539,CollgCr,Duplex,324897
1362,50,139240,7,9,1995,1986,3179,1889,1,4,10,1,722,NWAmes,1Fam,438685
1363,120,123129,1,1,1930,1953,2078,3629,1,5,11,3,990,Somerst,1Fam,483976
1364,30,124229,9,5,1978,1971,4432,4259,3,2,3,1,342,Sawyer,1Fam,116127
1365,120,111783,6,3,1949,2004,1741,523,1,2,4,2,22,Somerst,TwnhsE,507697
1366,50,119402,7,5,1962,1953,3956,2520,1,4,3,3,854,Sawyer,1Fam,282055
1367,160,70570,1,9,1992,1986,1647,575,3,3,13,0,1409,Somerst,1Fam,56931
1368,30,130728,8,6,1884,1976,6028,2439,0,3,6,2,1222,Veenker,1Fam,699005
1369,40,61527,7,9,1904,2005,3965,4574,1,5,7,1,15,Somerst,1Fam,420207
1370,50,106449,4,5,1931,1980,3402,4000,1,7,8,0,849,Sawyer,1Fam,254686
1371,160,90150,10,8,1995,1983,2622,994,1,6,8,0,753,CollgCr,1Fam,622963
1372,90,154100,7,2,1953,1993,4618,4139,1,0,2,2,602,NoRidge,1Fam,608845
1373,120,192761,10,3,1926,1999,2601,408,3,2,12,2,948,CollgCr,1Fam,183545
1374,70,136784,9,3,1875,1980,4907,399,1,0,6,2,604,BrkSide,TwnhsE,726650
1375,90,30261,3,7,1953,1993,972,5177,1,6,13,2,1296,Somerst,1Fam,417985
1376,80,144109,10,5,1909,1998,5011,507,1,5,11,2,1287,OldTown,1Fam,223798
1377,80,70781,8,3,1917,1981,5876,1743,3,1,10,0,913,Sawyer,1Fam,357227
1378,120,11889,2,2,2009,1992,1482,1034,3,6,10,0,650,BrkSide,1Fam,170066
1379,160,42441,8,4,1944,1971,1368,3425,0,4,13,1,846,Mitchel,1Fam,646938
1380,70,215109,5,2,1891,1971,5834,3106,0,0,5,2,1276,Sawyer,1Fam,228403
1381,60,92683,9,7,1878,1950,2481,4786,0,1,5,3,425,Mitchel,1Fam,350853
1382,80,44457,2,8,1925,1990,4248,5573,1,6,10,3,1231,Sawyer,1Fam,84174
1383,90,29861,3,9,1881,1965,1162,4293,2,2,4,3,837,Sawyer,1Fam,714559
1384,160,140434,4,3,1931,1998,2612,2811,0,4,11,1,90,Crawfor,1Fam,253019
1385,80,164068,5,4,1929,2007,4296,581,2,7,2,2,1063,OldTown,TwnhsE,504713
1386,160,76852,7,5,1993,2002,5467,5230,1,2,12,0,286,NWAmes,1Fam,289124
1387,90,23436,3,5,1918,1966,2664,3311,3,0,6,1,731,OldTown,Duplex,439152
1388,160,77179,8,5,1910,1989,459,1488,2,0,2,0,1347,Veenker,1Fam,438377
1389,90,143629,1,2,1956,1995,2527,3209,1,7,9,3,1105,Somerst,1Fam,245111
1390,120,25687,4,2,1960,1980,3928,2413,2,4,5,1,991,Veenker,1Fam,346087
1391,30,58575,7,4,1877,1980,5346,2192,0,2,5,2,98,BrkSide,1Fam,464458
1392,160,1728,3,1,1883,1976,5094,2740,1,0,7,0,1218,BrkSide,Duplex,191383
1393,50,102322,5,1,1895,1968,4640,4333,1,5,8,3,475,Somerst,1Fam,129410
1394,90,37786,7,5,1979,1984,1009,1203,0,0,3,2,71,Veenker,1Fam,163227
1395,50,44086,3,8,1900,2009,3176,5450,1,0,2,0,1361,NWAmes,1Fam,334637
1396,60,25475,10,5,2008,1963,3520,665,2,4,7,1,270,Mitchel,1Fam,188985
1397,90,157527,9,1,1932,1952,2863,1115,2,5,6,0,458,OldTown,1Fam,239716
1398,70,106026,10,8,2000,1953,5639,3923,3,4,8,0,201,CollgCr,1Fam,528763
1399,90,204178,5,7,1906,1984,5864,1104,1,7,10,0,881,Mitchel,2fmCon,517566
1400,20,85816,4,3,1930,1966,1284,4461,2,2,9,2,1230,NoRidge,1Fam,714360
1401,120,48741,10,3,1890,1977,5843,4233,2,4,3,3,737,Sawyer,1Fam,585053
1402,60,44964,8,9,1988,2007,5172,2615,3,2,13,2,1232,Crawfor,1Fam,340531
1403,90,205222,8,5,1954,1954,4306,2746,3,2,10,2,1328,Sawyer,1Fam,703605
1404,40,127467,2,2,1882,1960,2330,5641,2,1,2,0,1237,Sawyer,1Fam,698034
1405,70,70890,9,3,1974,1962,4644,4555,1,6,11,0,230,Somerst,1Fam,194834
1406,70,141255,6,3,1994,1977,3581,3688,2,5,12,0,292,Veenker,1Fam,158394
1407,30,120648,8,4,1966,1991,5493,1082,2,5,8,3,424,Crawfor,1Fam,672008
1408,60,25858,9,4,1983,1960,4345,3463,3,1,11,2,904,CollgCr,2fmCon,676007
1409,80,151401,2,5,1910,1956,5891,545,0,0,12,3,1222,OldTown,1Fam,644069
1410,120,26799,1,3,1931,1955,2561,1670,3,6,13,3,443,OldTown,1Fam,366376
1411,120,43932,1,6,1989,1998,502,4038,3,5,13,0,944,NoRidge,TwnhsE,655936
1412,50,153912,7,5,1955,1951,3005,2497,0,0,4,2,265,OldTown,TwnhsE,588647
1413,80,96455,10,9,1956,1987,6093,5613,1,5,2,2,770,Somerst,2fmCon,568116
1414,30,48831,1,8,1977,1984,4002,5320,0,7,9,2,1105,BrkSide,1Fam,468540
1415,120,15811,2,3,1956,1956,4295,837,2,6,10,2,559,CollgCr,1Fam,227686
1416,120,128309,5,1,1889,1983,3820,5023,0,2,8,1,231,Veenker,1Fam,572968
1417,160,150431,4,6,1901,1967,3621,4921,1,2,4,0,583,BrkSide,1Fam,667055
1418,60,44742,2,4,1979,1980,374,897,0,6,13,3,1080,NoRidge,1Fam,671749
1419,50,90432,7,9,1905,1958,2524,2379,0,3,6,2,1325,Sawyer,1Fam,466634
1420,90,74950,10,4,1963,1990,528,5369,1,5,10,3,873,BrkSide,1Fam,63255
1421,90,192062,3,3,1937,1997,2055,423,1,7,9,0,951,CollgCr,TwnhsE,568214
1422,40,170509,1,4,1957,1950,4398,645,2,3,12,0,594,Mitchel,1Fam,217437
1423,70,59919,3,8,1904,1981,4913,3041,0,4,10,3,1317,OldTown,Duplex,182705
1424,80,111172,2,2,1914,1988,1366,5393,1,3,9,3,1233,Veenker,1Fam,91487
1425,60,198899,5,9,1966,1950,3998,1814,3,4,12,3,1378,BrkSide,1Fam,148251
1426,50,75269,2,3,1895,1993,1383,4436,3,0,2,1,1224,CollgCr,1Fam,387799
1427,40,31474,4,8,1914,1982,1226,4014,1,7,10,3,775,Veenker,1Fam,234260
1428,60,65125,2,5,2009,1968,5865,1109,0,4,9,0,1361,Somerst,1Fam,309811
1429,40,131157,7,6,1892,1978,3726,1861,3,1,11,3,864,Crawfor,Twnhs,403138
1430,50,213596,5,2,1951,1990,1206,3646,2,4,4,1,853,NWAmes,1Fam,414451
1431,30,67154,1,7,1892,1988,862,2890,1,3,9,0,930,NoRidge,1Fam,334911
1432,50,13829,1,6,1969,1996,302,1593,2,6,5,2,263,Crawfor,TwnhsE,361049
1433,80,40191,5,5,1889,1952,3035,1398,0,6,3,1,1189,BrkSide,1Fam,674066
1434,50,89563,6,5,1951,1997,618,3291,1,3,8,0,514,Veenker,1Fam,238748
1435,30,21397,2,6,1932,1952,3564,4729,1,5,2,2,934,Mitchel,1Fam,44274
1436,120,8783,4,5,1967,1989,2650,2526,2,0,3,3,1197,Veenker,1Fam,611127
1437,60,141571,7,9,1872,1970,3884,5246,0,7,8,1,162,Veenker,1Fam,92542
1438,70,177669,5,1,1943,1953,1267,3875,1,4,12,3,426,Crawfor,1Fam,592600
1439,70,51185,2,3,1946,1991,887,2474,3,5,10,2,1336,Crawfor,1Fam,269227
1440,70,113111,4,8,1905,1983,615,4086,0,5,2,0,512,Mitchel,1Fam,640801
1441,60,123850,2,8,1913,1989,584,2716,0,2,3,1,937,Mitchel,1Fam,155683
1442,90,144131,10,4,1969,1972,441,4350,3,5,7,3,796,Veenker,1Fam,153355
1443,120,210841,9,5,1948,1966,1580,5550,3,3,7,0,1233,CollgCr,1Fam,327801
1444,160,190687,4,1,1951,1987,4890,4516,1,5,2,3,723,CollgCr,1Fam,336588
1445,60,68898,3,2,2001,1962,3708,1088,0,0,5,2,602,NWAmes,1Fam,551638
1446,50,210044,2,9,1927,1998,1529,714,2,1,3,2,23,Sawyer,1Fam,501128
1447,20,8776,8,6,1991,1990,5692,4626,1,7,8,2,673,CollgCr,1Fam,750260
1448,60,207081,10,1,2006,2009,4650,4831,2,5,9,2,829,CollgCr,1Fam,522576
1449,160,31856,3,8,1951,1951,4760,3345,0,1,6,2,976,OldTown,1Fam,180414
1450,40,25686,7,4,1901,1985,5490,1634,3,1,8,2,1106,OldTown,1Fam,98679
1451,120,26828,3,6,1929,1983,4556,5008,2,4,4,2,1100,OldTown,1Fam,226428
1452,90,27404,10,8,1878,2001,5846,2714,2,0,12,2,651,Veenker,1Fam,743129
1453,80,100417,3,8,1968,1975,2017,1886,2,3,2,1,111,BrkSide,1Fam,588468
1454,70,138259,1,2,1909,2006,5231,2278,0,2,8,1,360,NWAmes,1Fam,568513
1455,90,160614,9,4,1999,1964,682,1906,3,1,5,3,577,Veenker,1Fam,230802
1456,20,4699,10,3,1962,2001,1833,1832,1,2,7,3,1388,Veenker,1Fam,372463
1457,30,64722,4,9,1939,1981,5449,2063,1,2,8,2,1091,NWAmes,1Fam,541670
1458,30,29611,10,8,1897,2006,815,3912,3,0,9,1,1268,OldTown,1Fam,716827
1459,90,32502,3,6,1885,1963,3060,422,0,5,13,2,1406,OldTown,1Fam,455070
1460,60,160991,3,1,1964,1965,2080,2260,0,2,8,2,188,Somerst,1Fam,50240
